,issuer_name,plan_sponsor_name,plan_name,SPONS_DFE_EIN,FORM_TAX_PRD,FORM_PLAN_YEAR_BEGIN_DATE,PLAN_EFF_DATE,SPONS_DFE_MAIL_US_ADDRESS1,SPONS_DFE_MAIL_US_ADDRESS2,SPONS_DFE_MAIL_US_CITY,SPONS_DFE_MAIL_US_STATE,SPONS_DFE_MAIL_US_ZIP,SPONS_DFE_PHONE_NUM,BUSINESS_CODE,ADMIN_SIGNED_DATE,ADMIN_SIGNED_NAME
0,Cigna Health Life Insurance Company,"11:11 Systems, Inc.",OAP,850775797,2025-12-31,2025-01-01,2023-01-01,"695 ROUTE 46, SUITE 301",,FAIRFIELD,NJ,7004.0,8006977088.0,541512.0,2026-03-27T13:15:17-0500,EMILY COLE
1,Cigna Health Life Insurance Company,Community Counseling Solutions,OAP,342057513,2025-12-31,2025-01-01,2018-01-01,550 WEST SPERRY STREET,,HEPPNER,OR,97836.0,5416769161.0,621420.0,,
2,Cigna Health Life Insurance Company,"Huish Outdoors, LLC",PPO,263678735,2023-11-30,2022-12-01,2022-12-01,1540 NORTH 2200 WEST,,SALT LAKE CITY,UT,84116.0,8018346931.0,451140.0,2026-04-22T16:14:09-0500,CINDY CHATWIN
3,Cigna Health Life Insurance Company,"Grassy Creek, LLC",OAP,980552787,2025-12-31,2025-01-01,2017-08-01,PO BOX 1807,330 BELLEVIEW AVENUE,CRESTED BUTTE,CO,81224.0,9703497761.0,531120.0,,
4,Cigna Health Life Insurance Company,Commercial Credit Group Inc.,OAP,201409176,2025-12-31,2025-01-01,2013-12-01,"525 NORTH TRYON STREET, SUITE 1000",,CHARLOTTE,NC,28202.0,7047310031.0,522220.0,,
5,Cigna Health Life Insurance Company,"Andrew's Refrigeration, Inc.",Local Plus,860840431,2025-12-31,2025-01-01,2020-01-01,5617 E HILLERY DRIVE,,SCOTTSDALE,AZ,85254.0,6029929560.0,443141.0,2026-04-03T11:49:41-0500,GREG WILLMER
6,Cigna Health Life Insurance Company,Oats Overnight Inc.,OAP,812174460,2025-12-31,2025-07-01,2022-07-01,4121 EAST COTTON CENTER BOULEVARD,,PHOENIX,AZ,85040.0,6028854328.0,311900.0,,
7,Cigna Health Life Insurance Company,Huvepharma,OAP,203406575,2025-12-31,2025-01-01,2019-01-01,525 WESTPARK DRIVE,SUITE 230,PEACHTREE CITY,GA,30269.0,4702782111.0,311110.0,2026-04-22T11:18:00-0500,MICHELLE PEPPERS
8,Cigna Health Life Insurance Company,"Peak Dental Services, LLC",OAP,263216754,2022-03-31,2021-04-01,2017-04-01,6110 BARNES ROAD,,COLORADO SPRINGS,CO,80922.0,3033178997.0,541600.0,,
9,Cigna Health Life Insurance Company,"Peak Dental Services, LLC",OAP,263216754,2022-03-31,2021-04-01,2021-04-01,6110 BARNES ROAD,,COLORADO SPRINGS,CO,80922.0,3033178997.0,541600.0,,
10,Cigna Health Life Insurance Company,"Peak Dental Services, LLC",OAP,263216754,2022-03-31,2021-04-01,2021-04-01,6110 BARNES ROAD,,COLORADO SPRINGS,CO,80922.0,3033178997.0,541600.0,,
11,Cigna Health Life Insurance Company,"Peak Dental Services, LLC",OAP,263216754,2022-12-31,2022-04-01,2017-04-01,6110 BARNES ROAD,,COLORADO SPRINGS,CO,80922.0,3033178997.0,541600.0,,
12,Cigna Health Life Insurance Company,"Peak Dental Services, LLC",OAP,263216754,2022-12-31,2022-04-01,2021-04-01,6110 BARNES ROAD,,COLORADO SPRINGS,CO,80922.0,3033178997.0,541600.0,,
13,Cigna Health Life Insurance Company,"Peak Dental Services, LLC",OAP,263216754,2023-03-31,2022-04-01,2021-04-01,6110 BARNES ROAD,,COLORADO SPRINGS,CO,80922.0,3033178997.0,541600.0,,
14,Cigna Health Life Insurance Company,"Arizona Asthma & Allergy Legacy, PLC",OAP,860379167,2025-12-31,2025-01-01,2019-01-01,13965 NORTH 75TH AVENUE,,PEORIA,AZ,85381.0,6028432991.0,621111.0,2026-04-15T19:32:50-0500,DR. EIZA L.O. CHING
15,Cigna Health Life Insurance Company,Divcon LLC,OAP,364663558,2025-12-31,2025-01-01,2020-01-01,1801 ROYAL LANE,"BUILDING 1, SUITE 100",FARMERS BRANCH,TX,75229.0,2148216958.0,621900.0,2026-04-21T12:16:30-0500,SAL OLIMPIO
16,Cigna Health Life Insurance Company,"RAUCH NORTH AMERICA, INC.",OAP,611952029,2025-12-31,2025-01-01,2021-03-01,10501 NORTH REEMS ROAD,,WADDELL,AZ,85355.0,6232270692.0,334610.0,,
17,Cigna Health Life Insurance Company,"SEE'S CANDIES, INC.",Local Plus,951205740,2025-10-01,2025-03-01,1951-12-31,210 EL CAMINO REAL,,SAN FRANCISCO,CA,94080.0,6505837307.0,311300.0,2026-04-02T16:26:16-0500,RUNGRAWEE LYNAGH
18,Cigna Health Life Insurance Company,"Measurement, Inc.",OAP,561264255,2025-12-31,2025-01-01,2006-01-01,215 MORRIS STREET,,DURHAM,NC,27701.0,9196832413.0,611000.0,2026-04-06T13:32:40-0500,KENNETH PUZDER
19,Cigna Health Life Insurance Company,Foresight Mental Health Group PLLC,OAP,871858885,2025-12-31,2025-01-01,2024-01-01,"2855 TELEGRAPH AVE., SUITE 515",,BERKELEY,CA,94705.0,,621330.0,,
20,Cigna Health Life Insurance Company,Coatue Management LLC,OAP,134078032,2025-12-31,2025-01-01,2016-12-01,9 WEST 57TH STREET,25TH FLOOR,NEW YORK,NY,10019.0,2127155100.0,523900.0,2026-04-24T12:55:09-0500,JOANNA ALBRIGHT
21,Cigna Health Life Insurance Company,Topographic OM Inc.,OAP,730717508,2025-12-31,2025-01-01,1994-07-01,"481 WINSCOTT ROAD, S",,BENBROOK,TX,76126.0,8177447512.0,541370.0,2026-03-27T10:23:16-0500,MARI BETH BAZE
22,Cigna Health Life Insurance Company,Cato Institute,OAP,237432162,2025-12-31,2025-01-01,2014-01-01,1000 MASSACHUSETTS AVE NW,,WASHINGTON,DC,20001.0,2022184621.0,541990.0,2026-04-09T04:48:46-0500,MARISSA DELGADO
23,Cigna Health Life Insurance Company,NL Starfish Partners,OAP,874760540,2025-12-31,2025-01-01,2024-01-01,5908 HEADQUARTERS DRIVE,SUITE K200,PLANO,TX,75024.0,2145568000.0,561300.0,,
24,Cigna Health Life Insurance Company,AON CORPORATION,OAP,363051915,2021-12-31,2021-01-01,1984-07-01,MSC# 17755,PO BOX 1447,LINCOLNSHIRE,IL,60069.0,3123811000.0,524290.0,2026-03-22T19:39:42-0500,DONNA DAVIS
25,Cigna Health Life Insurance Company,AON CORPORATION,OAP,363051915,2022-12-31,2022-01-01,1984-07-01,MSC# 17755,PO BOX 1447,LINCOLNSHIRE,IL,60069.0,3123811000.0,524290.0,2026-03-22T19:48:04-0500,DONNA DAVIS
26,Cigna Health Life Insurance Company,AON CORPORATION,OAP,363051915,2021-12-31,2021-01-01,2004-01-01,MSC# 17755,PO BOX 1447,LINCOLNSHIRE,IL,60069.0,3123811000.0,524290.0,2026-03-22T20:37:37-0500,DONNA DAVIS
27,Cigna Health Life Insurance Company,AON CORPORATION,OAP,363051915,2022-12-31,2022-01-01,2004-01-01,MSC# 17755,PO BOX 1447,LINCOLNSHIRE,IL,60069.0,3123811000.0,524290.0,2026-03-22T20:42:50-0500,DONNA DAVIS
28,Cigna Health Life Insurance Company,AON CORPORATION,OAP,363051915,2021-12-31,2021-01-01,1977-01-01,MSC# 17755,PO BOX 1447,LINCOLNSHIRE,IL,60069.0,3123811000.0,524290.0,2026-03-22T21:12:20-0500,DONNA DAVIS
29,Cigna Health Life Insurance Company,AON CORPORATION,OAP,363051915,2022-12-31,2022-01-01,1977-01-01,MSC# 17755,PO BOX 1447,LINCOLNSHIRE,IL,60069.0,3123811000.0,524290.0,2026-03-22T21:26:31-0500,DONNA DAVIS
30,Cigna Health Life Insurance Company,Haynie & Company,OAP,870325228,2025-12-31,2025-01-01,2017-10-01,1785 WEST 2300 SOUTH,,SALT LAKE CITY,UT,84119.0,8019724800.0,541211.0,,
31,Cigna Health Life Insurance Company,CCI Health & Wellness Services,OAP,520988386,2025-06-25,2025-01-01,2006-10-01,8665 GEORGIA AVENUE,,SILVER SPRING,MD,20910.0,3013407525.0,621498.0,2026-04-15T10:01:28-0500,CINDY WANG
32,Cigna Health Life Insurance Company,Jewish Federation Bay Area,OAP,941156533,2019-12-31,2019-01-01,1969-01-01,121 STEUART STREET,,SAN FRANCISCO,CA,94105.0,4155126283.0,813000.0,,
33,Cigna Health Life Insurance Company,"National Fleet Management, Inc.",OAP,261441129,2022-12-31,2022-01-01,2016-01-01,P.O. BOX 16043,,HIGH POINT,NC,27261.0,3668370441.0,488490.0,2026-01-16T10:30:21-0600,CANDACE CUMMINGS
34,Cigna Health Life Insurance Company,"B&R Holdco, LLC",OAP,931628105,2025-12-31,2025-07-01,1980-07-01,PO BOX 640,,CORVALLIS,OR,97339.0,5417570456.0,423100.0,,
35,Cigna Health Life Insurance Company,JB Esker & Sons Inc,OAP,370987355,2025-12-31,2025-01-01,2022-01-01,212 W MAIN ST,,TEUTOPOLIS,IL,62467.0,2178576543.0,238900.0,2026-04-15T14:34:09-0500,KATHY WELLBAUMA1328222
36,Cigna Health Life Insurance Company,"Capital Brands Distribution, LLC",Local Plus,474643698,2025-12-31,2025-01-01,2016-02-01,10900 WILSHIRE BLVD STE 900,,LOS ANGELES,CA,900246500.0,3109967204.0,722300.0,2026-04-24T15:48:38-0500,DORA AVILA
37,Cigna Health Life Insurance Company,"HAMILTON BEACH BRANDS, INC.",OAP,953959553,2025-08-18,2025-01-01,1991-04-01,4421 WATERFRONT DRIVE,,GLEN ALLEN,VA,23060.0,8042739777.0,423600.0,,
38,Cigna Health Life Insurance Company,"UNIVERSITY RADIOLOGY GROUP, LLC",OAP,221894941,2025-12-31,2025-01-01,1983-11-01,579 A CRANBURY ROAD,,EAST BRUNSWICK,NJ,88165405.0,7323900040.0,621111.0,2026-04-09T15:46:54-0500,LAURIE VERDERAMI
39,Cigna Health Life Insurance Company,"UNIVERSITY RADIOLOGY GROUP, LLC",OAP,221894941,2025-12-31,2025-01-01,1991-01-01,579 A CRANBURY ROAD,,EAST BRUNSWICK,NJ,88165405.0,7323900040.0,621111.0,2026-04-09T15:49:23-0500,LAURIE VERDERAMI
40,Cigna Health Life Insurance Company,"Kodiak Cakes, LLC",PPO,813272228,2022-12-31,2022-01-01,2020-01-01,8163 GORGOZA PINES RD,,PARK CITY,UT,84098.0,8013284067.0,311900.0,,
41,Cigna Health Life Insurance Company,"BenefitHub, Inc.",OAP,453689577,2025-12-31,2025-01-01,2022-01-01,169 MADISON AVENUE SUITE 1173,,NEW YORK,NY,10016.0,8666644621.0,541990.0,2026-04-23T14:25:51-0500,JEFFREY LITVACK
42,Cigna Health Life Insurance Company,MBC Companies,OAP,931384365,2025-12-31,2025-01-01,2023-01-01,10673 S. LEE HIGHWAY,,MCDONALD,TN,37353.0,4239102128.0,813000.0,2026-04-08T13:04:27-0500,WALTER MCGRATH
43,Cigna Health Life Insurance Company,"Hiller Measurements, Inc.",OAP,275127046,2025-12-31,2025-10-01,2020-10-01,"14155 HIGHWAY 290W, BUILDING 100",,AUSTIN,TX,78737.0,5123948356.0,541990.0,,
44,Cigna Health Life Insurance Company,urban gro,OAP,465158469,2025-12-31,2025-01-01,2014-03-01,"1751 PANORAMA POINT, SUITE G",,LAFAYETTE,CO,80026.0,7205062271.0,541310.0,,
45,Cigna Health Life Insurance Company,"Themis-Tech, Inc. dba Flare",OAP,842331600,2025-12-31,2025-01-01,2020-04-01,"12555 HIGH BLUFF DRIVE, SUITE 100",,SAN DIEGO,CA,92130.0,8589251781.0,541512.0,,
46,Cigna Health Life Insurance Company,"ENSEMBLE SERVICES, LLC",OAP,811103382,2025-12-31,2025-01-01,2021-01-01,3030 NORTH 3RD STREET,SUITE 525,PHOENIX,AZ,85012.0,6029548352.0,531210.0,,
47,Cigna Health Life Insurance Company,Oishii,OAP,814827624,2025-12-31,2025-01-01,2024-01-01,101 LINDEN AVENUE E,,JERSEY CITY,NJ,7305.0,2027318267.0,111400.0,,
48,Cigna Health Life Insurance Company,"Breeze Thru Car Wash, LLC",Local Plus,823617696,2025-08-31,2025-01-01,2018-01-01,6464 SOUTH COLLEGE AVENUE,,FORT COLLINS,CO,80525.0,9704852467.0,541990.0,2026-02-13T08:43:33-0600,JANIECE AGNEW
49,Cigna Health Life Insurance Company,Warco Manufacturing Company Inc.,OAP,430965112,2025-12-31,2025-01-01,2006-01-01,P O BOX 48,,MARTHASVILLE,MO,633570048.0,6364332212.0,339900.0,2026-04-22T06:56:25-0500,JULIE HEGGEMANN
50,Cigna Health Life Insurance Company,Berg Hill Greenleaf Ruscitti,Local Plus,841605707,2022-12-31,2022-01-01,2002-01-01,1712 PEARL STREET,,BOULDER,CO,80302.0,3034021600.0,541110.0,2026-02-26T12:42:17-0600,LIZ MARTINEZ
51,Cigna Health Life Insurance Company,"Golden Aluminum, Inc.",OAP,760589072,2025-12-31,2025-01-01,2023-01-01,1405 14TH STREET,,FORT LUPTON,CO,80621.0,3036548337.0,331310.0,2026-03-31T09:58:07-0500,LISA VAUGHN
52,Cigna Health Life Insurance Company,Hero DVO,OAP,472855247,2025-12-31,2025-01-01,2015-01-01,"2221 E. BIJOU STREET, STE. 100",,COLORADO SPRINGS,CO,80909.0,7193232354.0,621210.0,2026-04-22T09:10:29-0500,ALISSA POPE
53,Cigna Health Life Insurance Company,"The family Center Of Harrisonville, Inc.",OAP,431065600,2025-06-30,2025-01-01,1995-07-01,2601 CANTRELL RD,,HARRISONVILLE,MO,64701.0,8163807282.0,444130.0,,
54,Cigna Health Life Insurance Company,Vacation Rental Pros Property Management LLC,OAP,205070889,2025-12-31,2025-01-01,2021-01-01,4600 TOUCHTON ROAD E,"BLDG 200, SUITE 220",JACKSONVILLE,FL,32246.0,9042031320.0,531310.0,2026-04-22T13:04:41-0500,KATE ELLIOTT
55,Cigna Health Life Insurance Company,The University of New Mexico Foundation,OAP,850275408,2025-12-31,2025-01-01,2022-01-01,700 LOMAS BLVD NE,TWO WOODWARD CENTER,ALBUQUERQUE,NM,87102.0,,611000.0,,
56,Cigna Health Life Insurance Company,"Cherry Creek Insurance Agency, Inc.DBA CCIG",OAP,841040215,2025-12-31,2025-01-01,2022-01-01,155 INVERNESS DRIVE WEST,,ENGLEWOOD,CO,80112.0,3037990110.0,524210.0,,
57,Cigna Health Life Insurance Company,"Gridpoint, Inc.",OAP,200402422,2025-12-31,2025-01-01,2009-01-01,11911 FREEDOM DRIVE,SUITE 850,RESTON,VA,20190.0,7036677061.0,221100.0,,
58,Cigna Health Life Insurance Company,"CyberMaxx, LLC",OAP,263952990,2025-12-31,2025-01-01,2025-01-01,901 ELKRIDGE LANDING RD.,SUITE 400,LINTHICUM HEIGHTS,MD,21090.0,8772474379.0,541513.0,2026-04-22T09:45:37-0500,CHRISTINE KARAPTIAN
59,Cigna Health Life Insurance Company,"Filevine, Inc.",PPO,821960713,2025-12-31,2025-01-01,2017-02-01,1260 STRINGHAM AVENUE,SUITE 600,SALT LAKE CITY,UT,84106.0,8016575228.0,511210.0,,
60,Cigna Health Life Insurance Company,"Kellogg Supply Company, Inc.",OAP,560481994,2025-04-30,2025-01-01,2007-01-01,P.O. BOX 99,917 BURNSIDE ROAD,MANTEO,NC,27954.0,2524732167.0,423300.0,2026-02-12T13:26:40-0600,DEBBY CURTIS
61,Cigna Health Life Insurance Company,IMAGINE360 ADMINISTRATORS LLC,PPO,364243029,2025-12-31,2025-01-01,2020-01-01,3035 NORTH SHADELAND AVENUE,SUITE 300,INDIANAPOLIS,IN,46226.0,3175435980.0,332300.0,,
62,Cigna Health Life Insurance Company,Battery Outfitters Inc.,OAP,431411668,2025-12-31,2025-01-01,2024-01-01,35687 HWY 86,PO BOX 215,GOLDEN,MO,65658.0,4172294150.0,453990.0,2026-02-12T15:38:46-0600,DUANE DURHAM
63,Cigna Health Life Insurance Company,Mile Hi Corporate Services LLC,Local Plus,273748143,2025-12-31,2025-01-01,2002-05-01,4770 EAST 51ST AVENUE,,DENVER,CO,80216.0,3033996066.0,424400.0,2026-04-15T12:58:20-0500,JASON KLEINSCHMIDT
64,Cigna Health Life Insurance Company,Pools on the Gulf Holdings,OAP,861386906,2025-12-31,2025-01-01,2024-01-01,2301 DAWES ROAD,,MOBILE,AL,36695.0,2516337946.0,711210.0,,
65,Cigna Health Life Insurance Company,Vernier Science Education,Local Plus,934154597,2025-12-31,2025-01-01,2015-01-01,13979 SW MILLIKAN WAY,,BEAVERTON,OR,970052886.0,5032772299.0,334500.0,,
66,Cigna Health Life Insurance Company,"Peak Dental Services, LLC",Local Plus,263216754,2022-03-31,2021-04-01,2017-04-01,6110 BARNES ROAD,,COLORADO SPRINGS,CO,80922.0,3033178997.0,541600.0,,
67,Cigna Health Life Insurance Company,"Peak Dental Services, LLC",Local Plus,263216754,2022-03-31,2021-04-01,2021-04-01,6110 BARNES ROAD,,COLORADO SPRINGS,CO,80922.0,3033178997.0,541600.0,,
68,Cigna Health Life Insurance Company,"Peak Dental Services, LLC",Local Plus,263216754,2022-03-31,2021-04-01,2021-04-01,6110 BARNES ROAD,,COLORADO SPRINGS,CO,80922.0,3033178997.0,541600.0,,
69,Cigna Health Life Insurance Company,"Peak Dental Services, LLC",Local Plus,263216754,2022-12-31,2022-04-01,2017-04-01,6110 BARNES ROAD,,COLORADO SPRINGS,CO,80922.0,3033178997.0,541600.0,,
70,Cigna Health Life Insurance Company,"Peak Dental Services, LLC",Local Plus,263216754,2022-12-31,2022-04-01,2021-04-01,6110 BARNES ROAD,,COLORADO SPRINGS,CO,80922.0,3033178997.0,541600.0,,
71,Cigna Health Life Insurance Company,"Peak Dental Services, LLC",Local Plus,263216754,2023-03-31,2022-04-01,2021-04-01,6110 BARNES ROAD,,COLORADO SPRINGS,CO,80922.0,3033178997.0,541600.0,,
72,Cigna Health Life Insurance Company,"Burns Pest Elimination, Inc.",Local Plus,860469064,2025-12-31,2025-01-01,1997-09-01,2620 W GROVERS AVE,,PHOENIX,AZ,850531965.0,6029714782.0,561710.0,,
73,Cigna Health Life Insurance Company,Arapahoe Basin Ski Area,OAP,470888711,2025-06-27,2025-01-01,1998-01-01,PO BOX 5808,,DILLON,CO,804355808.0,8882727246.0,713900.0,2026-04-02T13:19:49-0500,MARGARET MURRAY
74,Cigna Health Life Insurance Company,DITTMAR COMPANY,OAP,541190404,2025-12-31,2025-01-01,1986-01-01,8321 OLD COURTHOUSE ROAD,SUITE 300,VIENNA,VA,22182.0,7033566900.0,531310.0,,
75,Cigna Health Life Insurance Company,Food Bank of the Rockies,OAP,840772672,2025-12-31,2025-01-01,2017-01-01,10700 EAST 45TH AVENUE,,DENVER,CO,80239.0,3033719250.0,624200.0,,
76,Cigna Health Life Insurance Company,Young Americans Christian School Inc,OAP,581801008,2025-12-31,2025-01-01,1999-08-17,1701 HONEY CREEK RD SE,,CONYERS,GA,300132919.0,7707607902.0,611000.0,2026-01-06T13:18:46-0600,ANGELA HAYNES
77,Cigna Health Life Insurance Company,"The Shopping Center Group, LLC",OAP,593708465,2025-12-31,2025-01-01,1988-04-01,300 GALLERIA PARKWAY,12TH FLOOR,ATLANTA,GA,30339.0,7709552434.0,531390.0,,
78,Cigna Health Life Insurance Company,X-Bow Launch Systems Inc.,OAP,813619363,2025-12-31,2025-07-01,2021-07-01,6200 UPTOWN BOULEVARD NE,SUITE 200,ALBUQUERQUE,NM,87110.0,2106052295.0,541330.0,,
79,Cigna Health Life Insurance Company,"Altro USA, Inc.",OAP,942993379,2025-12-31,2025-01-01,1992-10-01,80 INDUSTRIAL WAY,,WILMINGTON,MA,1887.0,9786576464.0,423990.0,2026-03-09T12:04:09-0500,GARY ANDERSON
80,Cigna Health Life Insurance Company,"Coastal Transportation, Inc.",OAP,911243302,2025-12-31,2025-01-01,2016-01-01,4025 13TH AVENUE WEST,,SEATTLE,WA,98119.0,2062829979.0,483000.0,,
81,Cigna Health Life Insurance Company,"RUG DOCTOR, LLC",OAP,261257115,2025-12-31,2025-01-01,1981-02-01,"600 DATA DRIVE, SUITE 150",,PLANO,TX,75075.0,9726731400.0,333200.0,,
82,Cigna Health Life Insurance Company,FDH-MSO,OAP,272161005,2025-12-31,2025-01-01,2016-01-01,400 MEMORIAL DRIVE,EXTENSION SUITE 400,GREER,SC,29651.0,8642682008.0,551114.0,2026-03-30T09:43:16-0500,JENNIE PIPOLY
83,Cigna Health Life Insurance Company,"CERTUS PEST, INC.",OAP,834381920,2025-09-30,2025-08-01,2019-08-01,4630 WOODLAND CORPORATE BOULEVARD,SUITE 209,TAMPA,FL,33614.0,4078153603.0,561710.0,,
84,Cigna Health Life Insurance Company,"Vertex Education, LLC",OAP,455589598,2025-12-31,2025-01-01,2011-06-11,3125 SOUTH GILBERT ROAD,,CHANDLER,AZ,85286.0,4802705438.0,611000.0,,
85,Cigna Health Life Insurance Company,"Medical Home Network, PBC",OAP,993352015,2025-12-31,2025-01-01,2023-01-01,TWO PRUDENTIAL PLAZA,"180 NORTH STETSON, SUITE 600-1",CHICAGO,IL,60601.0,3122740126.0,624100.0,,
86,Cigna Health Life Insurance Company,"JAFEC USA, Inc.",OAP,271037263,2025-12-31,2025-01-01,2009-10-01,2025 GATEWAY PLACE,SUITE 310,SAN JOSE,CA,95110.0,4084672240.0,541990.0,2026-04-16T20:02:52-0500,NOZOMU KOTAKE
87,Cigna Health Life Insurance Company,"Union Bank & Trust, Co.",OAP,710182120,2025-12-31,2025-01-01,1985-01-01,PO BOX 270,102 W MCCLOY ST,MONTICELLO,AR,716570270.0,8704606400.0,522110.0,2026-04-07T10:27:07-0500,ANGELA CASE
88,Cigna Health Life Insurance Company,"Allium US Holding, LLC",OAP,922207859,2025-12-31,2025-07-01,2023-07-01,7979 EAST TUFTS AVENUE,SUITE 300,DENVER,CO,80237.0,7207968305.0,518210.0,,
89,Cigna Health Life Insurance Company,"Pacific Mobile Structures, Inc.",OAP,911217771,2025-12-31,2025-01-01,2001-01-01,1554 BISHOP ROAD,,CHEHALIS,WA,98532.0,3603451590.0,236200.0,,
90,Cigna Health Life Insurance Company,"PLANET 13 HOLDINGS, INC.",OAP,832787199,2025-12-31,2025-01-01,2020-01-01,2548 WEST DESERT INN ROAD,SUITE 100,LAS VEGAS,NV,89109.0,7028151313.0,424210.0,,
91,Cigna Health Life Insurance Company,Torrent Photonics Holdco LLC,OAP,990394538,2025-12-31,2025-01-01,2023-06-01,8060 BRYAN DAIRY ROAD,,LARGO,FL,33777.0,7275443736.0,333200.0,,
92,Cigna Health Life Insurance Company,"Trinity Partners, LLC",OAP,562064890,2022-05-31,2021-06-01,2017-03-01,"650 SOUTH TRYON STREET, SUITE 900",,CHARLOTTE,NC,28202.0,7043728822.0,531310.0,,
93,Cigna Health Life Insurance Company,"Trinity Partners, LLC",OAP,562064890,2023-05-31,2022-06-01,2017-03-01,"650 SOUTH TRYON STREET, SUITE 900",,CHARLOTTE,NC,28202.0,7043728822.0,531310.0,,
94,Cigna Health Life Insurance Company,"Valor Global, LLC",OAP,260085059,2021-12-31,2021-01-01,2019-01-01,"14269 NORTH 87TH STREET, SUITE 203",,SCOTTSDALE,AZ,85260.0,4803069888.0,541990.0,,
96,Cigna Health Life Insurance Company,"Valor Global, LLC",OAP,260085059,2022-12-31,2022-01-01,2019-01-01,"14269 NORTH 87TH STREET, SUITE 203",,SCOTTSDALE,AZ,85260.0,4803069888.0,541990.0,,
98,Cigna Health Life Insurance Company,"CIVITAS RESOURCES, INC.",OAP,611630631,2025-12-31,2025-01-01,2012-05-01,555 17TH STREET,SUITE 3700,DENVER,CO,80202.0,3032939100.0,211120.0,,
99,Cigna Health Life Insurance Company,PGA CORPORATION,OAP,590785835,2025-12-31,2025-01-01,1990-01-01,1916 PGA PARKWAY,,FRISCO,TX,75033.0,4695100687.0,813000.0,,
100,Cigna Health Life Insurance Company,Westlake Dermatology PA,OAP,820540404,2025-12-31,2025-01-01,2015-01-01,"8825 BEE CAVES ROAD, SUITE 100",,AUSTIN,TX,78746.0,5126153154.0,621111.0,,
101,Cigna Health Life Insurance Company,Oishii,Local Plus,814827624,2025-12-31,2025-01-01,2024-01-01,101 LINDEN AVENUE E,,JERSEY CITY,NJ,7305.0,2027318267.0,111400.0,,
102,Cigna Health Life Insurance Company,Magnolia Management Group LTD,OAP,473755328,2025-12-31,2025-10-01,2022-10-01,5445 SMITH ROAD,,BROOK PARK,OH,44142.0,2163329360.0,611000.0,,
103,Cigna Health Life Insurance Company,Magnolia Management Group LTD,OAP,473755328,2025-12-31,2025-10-01,2015-10-01,5445 SMITH ROAD,,BROOK PARK,OH,44142.0,2163329360.0,611000.0,,
104,Cigna Health Life Insurance Company,Nationwide Surplus,Local Plus,208647785,2025-12-31,2025-01-01,2022-01-01,730 EAST SOUTHERN AVENUE,,MESA,AZ,85204.0,8443720002.0,423930.0,,
105,Cigna Health Life Insurance Company,Mile Hi Corporate Services LLC,OAP,273748143,2025-12-31,2025-01-01,2002-05-01,4770 EAST 51ST AVENUE,,DENVER,CO,80216.0,3033996066.0,424400.0,2026-04-15T12:58:20-0500,JASON KLEINSCHMIDT
106,Cigna Health Life Insurance Company,USTC - United States Technologies Communication,OAP,300943214,2022-12-31,2022-01-01,2020-01-01,225 RARITAN CENTER PARKWAY,,EDISON,NJ,8837.0,7329022153.0,336210.0,,
107,Cigna Health Life Insurance Company,"Publishers Circulation Fulfillment, Inc.",OAP,521318059,2025-12-31,2025-01-01,2008-01-01,11019 MCCORMICK ROAD,SUITE 401,HUNT VALLEY,MD,21031.0,4108218614.0,451212.0,,
108,Cigna Health Life Insurance Company,BLANK ROME,OAP,231311874,2025-07-01,2025-01-01,,130 N 18TH STREET,ONE LOGAN SQUARE,PHILADELPHIA,PA,191032757.0,2128855085.0,,,
109,Cigna Health Life Insurance Company,BLANK ROME,OAP,231311874,2025-07-01,2025-01-01,1993-01-01,130 N 18TH STREET,ONE LOGAN SQUARE,PHILADELPHIA,PA,191032757.0,2128855085.0,541110.0,,
110,Cigna Health Life Insurance Company,"Hughes and Smith, Inc.",OAP,540756452,2019-05-31,2018-06-01,2018-06-01,3016 WILLIAMS DRIVE,SUITE 100,FAIRFAX,VA,22031.0,7036988000.0,237100.0,,
111,Cigna Health Life Insurance Company,"Hughes and Smith, Inc.",OAP,540756452,2020-05-31,2019-06-01,2018-06-01,3016 WILLIAMS DRIVE,SUITE 100,FAIRFAX,VA,22031.0,7036988000.0,237100.0,,
112,Cigna Health Life Insurance Company,"Hughes and Smith, Inc.",OAP,540756452,2021-05-31,2020-06-01,2018-06-01,3016 WILLIAMS DRIVE,SUITE 100,FAIRFAX,VA,22031.0,7036988000.0,237100.0,,
113,Cigna Health Life Insurance Company,"Hughes and Smith, Inc.",OAP,540756452,2022-05-31,2021-06-01,2018-06-01,3016 WILLIAMS DRIVE,SUITE 100,FAIRFAX,VA,22031.0,7036988000.0,237100.0,,
114,Cigna Health Life Insurance Company,"Hughes and Smith, Inc.",OAP,540756452,2023-05-31,2022-06-01,2018-06-01,3016 WILLIAMS DRIVE,SUITE 100,FAIRFAX,VA,22031.0,7036988000.0,237100.0,,
115,Cigna Health Life Insurance Company,Rabun Gap-Nacoochee School,OAP,580593430,2025-12-31,2025-01-01,1987-07-01,339 NACOOCHEE DRIVE,,RABUN GAP,GA,30568.0,7067467767.0,611000.0,,
116,Cigna Health Life Insurance Company,1000Bulbs.com,OAP,752770316,2025-09-11,2025-01-01,2018-06-01,2140 MERRITT DR.,,GARLAND,TX,75041.0,9727645910.0,335100.0,2026-02-23T11:42:42-0600,CYNTHIA QUICK
117,Cigna Health Life Insurance Company,"American Glass Professionals, LLC",OAP,853536192,2025-11-30,2025-10-01,2021-10-01,9260 BAY PLAZA BLVD,SUITE 504,TAMPA,FL,33619.0,6562038789.0,811120.0,,
118,Cigna Health Life Insurance Company,"OneCause, Inc.",OAP,453159797,2025-12-31,2025-01-01,2020-01-01,211 WEST MAIN STREET,SUITE 400,CARMEL,IN,46032.0,8887290399.0,518210.0,,
119,Cigna Health Life Insurance Company,"Golden Aluminum, Inc.",Local Plus,760589072,2025-12-31,2025-01-01,2023-01-01,1405 14TH STREET,,FORT LUPTON,CO,80621.0,3036548337.0,331310.0,2026-03-31T09:58:07-0500,LISA VAUGHN
120,Cigna Health Life Insurance Company,"PROUD MOMENTS MSO, LLC",OAP,470986503,2025-12-31,2025-01-01,2021-01-01,77 WATER ST,SUITE 1602,NEW YORK,NY,100054432.0,7182155311.0,621112.0,,
121,Cigna Health Life Insurance Company,SOUTH COLLEGE OF TENNESSEE LLC,Local Plus,461287748,2025-12-31,2025-01-01,2014-01-01,3904 LONAS DRIVE,,KNOXVILLE,TN,37909.0,8652934550.0,611000.0,,
122,Cigna Health Life Insurance Company,"W.T. BYLER CO., INC.",OAP,800331414,2025-05-16,2025-01-01,2001-09-15,15203 LILLJA ROAD,,HOUSTON,TX,770605215.0,2814452070.0,237990.0,2026-02-26T16:26:55-0600,STEVEN S SMITH
123,Cigna Health Life Insurance Company,"SurfaceCycle, Inc.",OAP,463476228,2025-12-31,2025-01-01,2021-01-01,9035 WADSWORTH PARKWAY,SUITE 2275,WESTMINSTER,CO,80021.0,7203129061.0,237310.0,,
124,Cigna Health Life Insurance Company,Notarize Inc. (d/b/a Proof.com),OAP,473768464,2022-12-31,2022-10-01,2022-10-01,"867 BOYLSTON ST, 5TH FLOOR #1656",,BOSTON,MA,2116.0,8573424051.0,541990.0,2026-02-11T01:38:02-0600,RENEE HUNTER
125,Cigna Health Life Insurance Company,"CLEARENT, LLC",OAP,202775680,2025-12-31,2025-01-01,2021-01-01,950 EAST PACES FERRY ROAD NE,,ATLANTA,GA,30326.0,3144805445.0,511210.0,,
126,Cigna Health Life Insurance Company,"CenCore, LLC",PPO,274422594,2025-12-31,2025-01-01,2024-01-01,59 W 900 N,,SPRINGVILLE,UT,84663.0,3854488356.0,541990.0,,
127,Cigna Health Life Insurance Company,PLANNED PARENTHOOD OF GREATER NEW YORK,OAP,132621497,2021-12-31,2021-01-01,2020-01-01,26 BLEECKER ST,,NEW YORK,NY,100122413.0,2122747395.0,531410.0,2026-01-22T12:19:22-0600,KELLEY KRUTZ
128,Cigna Health Life Insurance Company,"Spoonful of Comfort, LLC",PPO,611571202,2025-12-31,2025-01-01,2024-01-01,2405 WEST ORTON CIRCLE,,SALT LAKE CITY,UT,84119.0,8774047678.0,445299.0,,
129,Cigna Health Life Insurance Company,"Aquabella USA, LLC",OAP,844768948,2025-12-31,2025-01-01,2022-01-01,450 S ALPINE HIGHWAY,,ALPINE,UT,84004.0,7134923277.0,238300.0,,
130,Cigna Health Life Insurance Company,SMART INFORMATION TECHNOLOGIES INC.,OAP,223337602,2018-12-31,2018-01-01,2016-01-01,103 MORGAN LANE,SUITE 104,PLAINSBORO,NJ,8536.0,6099553025.0,541511.0,2026-02-03T11:37:31-0600,RENUKA NARAYANA
131,Cigna Health Life Insurance Company,"SUNSTATE EQUIPMENT COMPANY, LLC",Local Plus,860810251,2025-12-31,2025-01-01,2001-06-01,5552 EAST WASHINGTON STREET,,PHOENIX,AZ,85034.0,6026832310.0,333900.0,,
132,Cigna Health Life Insurance Company,OptConnect Management LLC,OAP,352432402,2025-12-31,2025-01-01,2023-01-01,"865 W 450 N, SUITE 1",,KAYSVILLE,UT,84037.0,8014445958.0,532400.0,,
133,Cigna Health Life Insurance Company,Security Bancorp of Tennessee,OAP,620308760,2025-12-31,2025-01-01,2009-01-01,120 NORTH MILL AVENUE,,DYERSBURG,TN,38025.0,7312887344.0,522110.0,2026-03-25T15:43:07-0500,JENNIFER NUNLEY
134,Cigna Health Life Insurance Company,Security Bancorp of Tennessee,OAP,620308760,2025-12-31,2025-01-01,2009-01-01,120 NORTH MILL AVENUE,,DYERSBURG,TN,38025.0,7312887344.0,522110.0,2026-03-26T12:49:02-0500,JENNIFER NUNLEY
135,Cigna Health Life Insurance Company,Legal Aid of NorthWest Texas,OAP,750856086,2025-12-31,2025-01-01,1994-07-01,"600 EAST WEATHERFORD STREET,",3RD FLOOR,FORT WORTH,TX,76102.0,8173395331.0,541110.0,,
136,Cigna Health Life Insurance Company,Legal Aid of NorthWest Texas,OAP,750856086,2025-12-31,2025-01-01,2006-02-01,"600 EAST WEATHERFORD STREET,",3RD FLOOR,FORT WORTH,TX,76102.0,8173395331.0,541110.0,,
137,Cigna Health Life Insurance Company,Legal Aid of NorthWest Texas,OAP,750856086,2025-12-31,2025-01-01,2024-01-01,"600 EAST WEATHERFORD STREET,",3RD FLOOR,FORT WORTH,TX,76102.0,8173395331.0,541110.0,,
138,Cigna Health Life Insurance Company,"Desert Ready Mix, LLC",OAP,465753072,2025-12-31,2025-01-01,2017-01-01,4011 EAST PRESIDO STREET,,MESA,AZ,85215.0,4804282280.0,327300.0,,
139,Cigna Health Life Insurance Company,"Desert Ready Mix, LLC",OAP,465753072,2025-12-31,2025-01-01,2017-01-01,4011 EAST PRESIDO STREET,,MESA,AZ,85215.0,4804282280.0,327300.0,,
140,Cigna Health Life Insurance Company,"Desert Ready Mix, LLC",OAP,465753072,2025-12-31,2025-01-01,2017-01-01,4011 EAST PRESIDO STREET,,MESA,AZ,85215.0,4804282280.0,327300.0,,
141,Cigna Health Life Insurance Company,"OnLogic, Inc.",OAP,200558657,2025-12-31,2025-01-01,2023-01-01,435 COMMUNITY DRIVE,,SOUTH BURLINGTON,VT,5403.0,8028612300.0,334110.0,2026-04-20T12:22:14-0500,LAUREN LAVALLEE
142,Cigna Health Life Insurance Company,PRISMA GRAPHIC CORPORATION,OAP,860380284,2025-12-31,2025-01-01,2016-01-01,"2937 EAST BROADWAY ROAD, SUITE 100",,PHOENIX,AZ,85040.0,6022435777.0,424990.0,,
143,Cigna Health Life Insurance Company,"Think Systems, Inc.",OAP,200687239,2025-12-31,2025-11-01,2024-11-01,"1954 GREENSPRING DRIVE, SUITE 745",,TIMONIUM,MD,21093.0,8109281899.0,541600.0,,
144,Cigna Health Life Insurance Company,Indra,OAP,920546030,2025-12-31,2025-01-01,2024-01-01,11300 W 89TH ST.,,OVERLAND PARK,KS,66214.0,,481000.0,,
145,Cigna Health Life Insurance Company,"Egen Solutions, Inc.",OAP,364386212,2025-12-31,2025-01-01,2015-01-01,40 SHUMAN BLVD,STE 302,NAPERVILLE,IL,60563.0,6308440440.0,541519.0,,
146,Cigna Health Life Insurance Company,"ADELANTE HEALTHCARE, INC.",OAP,860377821,2025-12-31,2025-01-01,2006-01-01,3033 NORTH CENTRAL AVENUE,SUITE 145,PHOENIX,AZ,85012.0,6235833001.0,621399.0,,
147,Cigna Health Life Insurance Company,"SEE'S CANDIES, INC.",OAP,951205740,2025-10-01,2025-03-01,1951-12-31,210 EL CAMINO REAL,,SAN FRANCISCO,CA,94080.0,6505837307.0,311300.0,2026-04-02T16:26:16-0500,RUNGRAWEE LYNAGH
148,Cigna Health Life Insurance Company,LHI Group Inc.,OAP,320470773,2023-09-30,2022-12-01,2017-12-01,123 WILLIAM STREET,26TH FLOOR,NEW YORK,NY,10038.0,7379311250.0,561300.0,,
149,Cigna Health Life Insurance Company,ART SUPPLY ENTERPRISES dba MacPherson's,OAP,941152693,2025-07-31,2025-01-01,2022-01-01,PO BOX 195,,WILMINGTON,DE,19899.0,3026541888.0,424990.0,,
150,Cigna Health Life Insurance Company,Sundance State Bank,OAP,830149243,2025-12-31,2025-01-01,1960-01-01,PO BOX 950,,SUNDANCE,WY,82729.0,3072831074.0,522110.0,,
151,Cigna Health Life Insurance Company,"Andrew's Refrigeration, Inc.",OAP,860840431,2025-12-31,2025-01-01,2020-01-01,5617 E HILLERY DRIVE,,SCOTTSDALE,AZ,85254.0,6029929560.0,443141.0,2026-04-03T11:49:41-0500,GREG WILLMER
152,Cigna Health Life Insurance Company,"RMS Lifeline, Inc.",Local Plus,364258607,2025-12-31,2025-01-01,2020-06-01,ONE PARKWAY NORTH BOULEVARD,SUITE 200S,DEERFIELD,IL,60015.0,8773882001.0,541990.0,,
153,Cigna Health Life Insurance Company,"Themis-Tech, Inc. dba Flare",Local Plus,842331600,2025-12-31,2025-01-01,2020-04-01,"12555 HIGH BLUFF DRIVE, SUITE 100",,SAN DIEGO,CA,92130.0,8589251781.0,541512.0,,
154,Cigna Health Life Insurance Company,"AMDOCS, INC.",OAP,364523073,2025-06-30,2025-01-01,1992-01-01,625 MARYVILLE CENTRE DRIVE SUITE 20,,ST LOUIS,MO,63141.0,3142127000.0,541990.0,2026-03-12T12:34:35-0500,JESSICA ROSE
155,Cigna Health Life Insurance Company,"CVI, Inc. dba Commercial Van Interiors",OAP,431843042,2025-12-31,2025-01-01,2018-01-01,8840 SAINT CHARLES ROCK ROAD,,ST. LOUIS,MO,63114.0,3144237477.0,811120.0,,
156,Cigna Health Life Insurance Company,"Critical Mass Studios, Inc. dba Rightsline",OAP,800866775,2025-12-31,2025-01-01,2025-01-01,"214 MAIN ST, 376",,EL SEGUNDO,CA,90245.0,8005007357.0,511210.0,,
157,Cigna Health Life Insurance Company,SKT Technologies Inc,OAP,475303265,2025-12-31,2025-01-01,2024-01-01,3030 NORTHERN BLVD STE 403,,LONG ISLAND CITY,NY,11101.0,8889900250.0,518210.0,2026-04-02T13:53:39-0500,GIAO HUYNH
158,Cigna Health Life Insurance Company,"SIFCO Industries, Inc.",OAP,340553950,2023-02-28,2022-03-01,1974-03-01,970 EAST 64TH STREET,,CLEVELAND,OH,441031620.0,2168818600.0,332110.0,,
159,Cigna Health Life Insurance Company,"LOS ANGELES FILM SCHOOLS, LLC.",OAP,954725724,2023-03-31,2022-04-01,2010-04-01,6363 SUNSET BLVD,SUITE 400,HOLLYWOOD,CA,90028.0,3238600789.0,611000.0,,
160,Cigna Health Life Insurance Company,"LOS ANGELES FILM SCHOOLS, LLC.",OAP,954725724,2024-03-31,2023-04-01,2010-04-01,6363 SUNSET BLVD,SUITE 400,HOLLYWOOD,CA,90028.0,3238600789.0,611000.0,,
161,Cigna Health Life Insurance Company,"Roots Management Group, LLC",OAP,870855596,2022-12-31,2022-01-01,2020-01-01,1630 W. GUADALUPE RD,,GILBERT,AZ,85233.0,4803390000.0,315990.0,,
162,Cigna Health Life Insurance Company,"Publishers Circulation Fulfillment, Inc.",PPO,521318059,2025-12-31,2025-01-01,2008-01-01,11019 MCCORMICK ROAD,SUITE 401,HUNT VALLEY,MD,21031.0,4108218614.0,451212.0,,
163,Cigna Health Life Insurance Company,"Baby List, Inc.",OAP,453767218,2025-12-31,2025-01-01,2022-10-01,"1900 POWELL STREET, SUITE 150",,EMERYVILLE,CA,94612.0,2135854199.0,454110.0,,
164,Cigna Health Life Insurance Company,Nationwide Surplus,OAP,208647785,2025-12-31,2025-01-01,2022-01-01,730 EAST SOUTHERN AVENUE,,MESA,AZ,85204.0,8443720002.0,423930.0,,
165,Cigna Health Life Insurance Company,"Vantage Custom Classics, Inc.",OAP,112434167,2025-12-31,2025-01-01,1995-08-01,100 VANTAGE DR,,AVENEL,NJ,70011080.0,7323405824.0,315220.0,2026-02-17T10:15:42-0600,ERIC WUKITSCH
166,Cigna Health Life Insurance Company,"CenCore, LLC",OAP,274422594,2025-12-31,2025-01-01,2024-01-01,59 W 900 N,,SPRINGVILLE,UT,84663.0,3854488356.0,541990.0,,
167,Cigna Health Life Insurance Company,Harper Houf Peterson Righellis Inc.,OAP,931045332,2025-12-31,2025-01-01,2021-01-01,205 SE SPOKANE,SUITE 200,PORTLAND,OR,97202.0,5032211131.0,541330.0,,
168,Cigna Health Life Insurance Company,"Colorado Powerline, Inc.",OAP,204755074,2023-06-30,2022-07-01,2018-07-01,3593 TIMBER ML PARKWAY,,CASTLE ROCK,CO,80109.0,3036603784.0,237100.0,,
169,Cigna Health Life Insurance Company,"Genome Medical, Inc.",OAP,815279149,2025-12-31,2025-01-01,2024-01-01,611 GATEWAY BOULEVARD,SUITE 120,SOUTH SAN FRANCISCO,CA,94080.0,8776880992.0,541990.0,,
170,Cigna Health Life Insurance Company,Seabrook Island Club,OAP,570932575,2025-12-31,2025-01-01,1996-01-01,3772 SEABROOK ISLAND ROAD,,SEABROOK ISLAND,SC,29455.0,8437684946.0,721199.0,,
171,Cigna Health Life Insurance Company,WESTERN ARKANSAS COUNSELING & GUIDANCE CENTER INC,OAP,237015826,2025-05-31,2025-01-01,1997-01-01,3111 SOUTH 70TH STREET,,FORT SMITH,AR,72903.0,4794526650.0,621410.0,,
172,Cigna Health Life Insurance Company,"Arizona Asthma & Allergy Legacy, PLC",Local Plus,860379167,2025-12-31,2025-01-01,2019-01-01,13965 NORTH 75TH AVENUE,,PEORIA,AZ,85381.0,6028432991.0,621111.0,2026-04-15T19:32:50-0500,DR. EIZA L.O. CHING
173,Cigna Health Life Insurance Company,"United Group Programs, Inc. DBA OptimedHealth Plan",OAP,591896277,2025-11-20,2025-01-01,1995-07-01,919 N. MARKET STREET,SUITE 420,WILMINGTON,DE,19801.0,3024288142.0,524210.0,2026-03-26T10:27:55-0500,JAMI NIMEROFF
174,Cigna Health Life Insurance Company,Alliance for Audited Media,OAP,360756300,2025-09-12,2025-01-01,1947-11-01,1600 MCCONNOR PARKWAY,"SUITE 300, PMB 22",SCHAUMBURG,IL,601736890.0,2243666939.0,813000.0,2026-03-20T15:18:05-0500,ROBERT SCHWEITZER
175,Cigna Health Life Insurance Company,HOLIDAY INN CLUB VACATIONS INCORPORATED,OAP,581434701,2025-12-31,2025-01-01,2016-04-01,9271 S JOHN YOUNG PKWY,,ORLANDO,FL,32819.0,3213452337.0,531390.0,,
176,Cigna Health Life Insurance Company,"AmbaFlex Manufacturing, Inc.",OAP,800600099,2025-12-31,2025-01-01,2021-01-01,1530 RAFF ROAD SW,,CANTON,OH,44710.0,3302848662.0,333200.0,,
177,Cigna Health Life Insurance Company,Skilljar Inc.,OAP,462755706,2025-05-07,2025-01-01,2014-11-01,206 1ST AVENUE S. # 220,,SEATTLE,WA,98104.0,4254050469.0,511210.0,2026-03-12T08:37:13-0500,JUSTIN RAMIREZ
178,Cigna Health Life Insurance Company,MATTRESS FIRM,Local Plus,760596008,2025-09-25,2025-01-01,2019-04-15,10201 SOUTH MAIN STREET,,HOUSTON,TX,77025.0,7133433588.0,442299.0,2026-04-08T13:05:29-0500,MARK WHITING
179,Cigna Health Life Insurance Company,"Gencor Industries, Inc.",OAP,590933147,2025-12-31,2025-01-01,1987-01-01,5201 N ORANGE BLOSSOM TRAIL,,ORLANDO,FL,328101008.0,4072906000.0,333200.0,2026-01-27T08:35:14-0600,CHRIS CARROLL
180,Cigna Health Life Insurance Company,Marcum Wealth Management,OAP,202317470,2025-08-15,2025-01-01,2001-03-15,6685 BETA DRIVE,,MAYFIELD VILLAGE,OH,44143.0,4404496800.0,541211.0,2026-02-20T12:15:03-0600,TODD HEALY
181,Cigna Health Life Insurance Company,Vernier Science Education,OAP,934154597,2025-12-31,2025-01-01,2015-01-01,13979 SW MILLIKAN WAY,,BEAVERTON,OR,970052886.0,5032772299.0,334500.0,,
182,Cigna Health Life Insurance Company,"SPLOOT VETERINARY CARE DBA PETHERO, INC.",OAP,871496426,2025-12-31,2025-12-01,2022-12-01,1930 WEST 41ST AVENUE,,DENVER,CO,80211.0,7207308890.0,541940.0,,
183,Cigna Health Life Insurance Company,MISSISSIPPI METHODIST SENIOR SERVICES,OAP,646026549,2025-12-31,2025-01-01,2006-01-01,P. O. BOX 1567,,TUPELO,MS,38002.0,6628448977.0,623000.0,2026-03-24T16:41:23-0500,MERRIN CANTIN
184,Cigna Health Life Insurance Company,KRAFT HEINZ FOODS COMPANY,OAP,250542520,2025-12-31,2025-01-01,1974-08-01,"200 E RANDOLPH, SUITE 7600",,CHICAGO,IL,606017720.0,8476462000.0,424400.0,2026-04-09T09:25:49-0500,AMY OSTOP
185,Cigna Health Life Insurance Company,KRAFT HEINZ FOODS COMPANY,OAP,250542520,2025-12-31,2025-01-01,1991-01-01,200 E RANDOLPH ST STE 7600,,CHICAGO,IL,606017720.0,8476462000.0,424400.0,2026-04-10T09:15:32-0500,AMY OSTOP
186,Cigna Health Life Insurance Company,KRAFT HEINZ FOODS COMPANY,OAP,250542520,2025-12-31,2025-01-01,2017-01-01,200 E RANDOLPH ST STE 7600,,CHICAGO,IL,606017720.0,8476462000.0,424400.0,2026-04-10T09:12:34-0500,AMY OSTOP
187,Cigna Health Life Insurance Company,KRAFT HEINZ FOODS COMPANY,OAP,250542520,2025-12-31,2025-01-01,1983-07-01,200 E RANDOLPH ST STE 7600,,CHICAGO,IL,606017720.0,8476462000.0,424400.0,2026-04-10T10:16:02-0500,AMY OSTOP
188,Cigna Health Life Insurance Company,"Red Canary, Inc.",OAP,272621971,2025-08-31,2025-01-01,2017-07-01,1601 19TH STREET,STE 900,DENVER,CO,80202.0,8559770686.0,541513.0,2026-03-17T10:02:01-0500,JANE DALE
189,Cigna Health Life Insurance Company,"Support, LLC dba Support, Inc.",Local Plus,841110664,2025-12-31,2025-01-01,2017-01-01,15591 EAST CENTERTECH PARKWAY,,AURORA,CO,80011.0,3033400322.0,624100.0,,
190,Cigna Health Life Insurance Company,"Stylecraft Builders, Inc.",OAP,742485231,2025-12-31,2025-01-01,2021-12-17,4090 STATE HIGHWAY 6 SOUTH,,COLLEGE STATION,TX,77845.0,9796901222.0,236110.0,,
191,Cigna Health Life Insurance Company,Everstream Solutions LLC,OAP,364742361,2025-12-31,2025-01-01,2015-11-01,1228 EUCLID AVENUE,SUITE 250,CLEVELAND,OH,44115.0,2169232260.0,541990.0,2026-03-23T15:49:03-0500,MEREDITH MCCASKEY
192,Cigna Health Life Insurance Company,"Kodiak Cakes, LLC",OAP,813272228,2022-12-31,2022-01-01,2020-01-01,8163 GORGOZA PINES RD,,PARK CITY,UT,84098.0,8013284067.0,311900.0,,
193,Cigna Health Life Insurance Company,"Rosen Sapperstein & Friedlander, L.L.C.",OAP,475153865,2025-12-31,2025-01-01,1990-01-01,405 YORK ROAD,,TOWSON,MD,21204.0,4105810800.0,541211.0,2026-04-09T05:30:48-0500,PATRICIA LAUMAN
194,Cigna Health Life Insurance Company,Colorado Springs Orthopaedic Group,OAP,841276956,2025-12-31,2025-01-01,2021-01-01,4110 BRIARGATE PARKWAY,SUITE 300,COS,CO,80920.0,7198677323.0,621111.0,,
195,Cigna Health Life Insurance Company,"TLM Associates, Inc.",OAP,621510105,2025-12-31,2025-01-01,1994-01-01,117 E. LAFAYETTE STREET,,JACKSON,TN,38301.0,7319889840.0,541330.0,2026-04-14T10:18:25-0500,LAUREN WHITAKER
196,Cigna Health Life Insurance Company,"Ascend, Inc.",OAP,202257507,2025-12-31,2025-01-01,2025-01-01,941 GRANT PL,,BOULDER,CO,80302.0,8007267051.0,541512.0,,
197,Cigna Health Life Insurance Company,"K.E. McKay's Market of Coos Bay, Inc",OAP,930496274,2025-12-31,2025-01-01,1989-02-01,PO BOX 1080,,COOS BAY,OR,97420.0,5412695921.0,445110.0,,
198,Cigna Health Life Insurance Company,"VERIZON COMMUNICATIONS, INC.",GPPO,232259884,2025-12-31,2025-01-01,1989-08-17,"ONE VERIZON WAY,",,BASKING RIDGE,NJ,7920.0,9085593342.0,517000.0,2026-03-13T17:40:33-0500,ARLEEN PRESTON
199,Cigna Health Life Insurance Company,"VERIZON COMMUNICATIONS, INC.",GPPO,232259884,2025-12-31,2025-01-01,1989-09-01,"ONE VERIZON WAY,",,BASKING RIDGE,NJ,7920.0,9085593342.0,517000.0,2026-03-13T17:41:21-0500,ARLEEN PRESTON
200,Cigna Health Life Insurance Company,"VERIZON COMMUNICATIONS, INC.",GPPO,232259884,2025-12-31,2025-01-01,1986-08-10,"ONE VERIZON WAY,",,BASKING RIDGE,NJ,7920.0,9085593342.0,517000.0,2026-03-13T17:39:23-0500,ARLEEN PRESTON
201,Cigna Health Life Insurance Company,"VERIZON COMMUNICATIONS, INC.",GPPO,232259884,2025-12-31,2025-01-01,2024-01-01,ONE VERIZON WAY,,BASKING RIDGE,NJ,7920.0,9085593342.0,517000.0,2026-04-07T10:48:25-0500,ARLEEN PRESTON
202,Cigna Health Life Insurance Company,"VERIZON COMMUNICATIONS, INC.",GPPO,232259884,2025-12-31,2025-01-01,1984-01-01,"ONE VERIZON WAY,",,BASKING RIDGE,NJ,7920.0,9085593342.0,517000.0,2026-04-07T10:43:54-0500,ARLEEN PRESTON
203,Cigna Health Life Insurance Company,"VERIZON COMMUNICATIONS, INC.",GPPO,232259884,2025-12-31,2025-01-01,2002-01-01,"ONE VERIZON WAY,",,BASKING RIDGE,NJ,7920.0,9085593342.0,517000.0,2026-04-07T10:47:03-0500,ARLEEN PRESTON
204,Cigna Health Life Insurance Company,"VERIZON COMMUNICATIONS, INC.",GPPO,232259884,2025-12-31,2025-01-01,2024-01-01,ONE VERIZON WAY,,BASKING RIDGE,NJ,7920.0,9085593342.0,517000.0,2026-04-07T10:51:17-0500,ARLEEN PRESTON
205,Cigna Health Life Insurance Company,"VERIZON COMMUNICATIONS, INC.",GPPO,232259884,2025-12-31,2025-01-01,2018-01-01,"ONE VERIZON WAY,",,BASKING RIDGE,NJ,7920.0,9085593342.0,517000.0,2026-04-22T09:31:46-0500,ARLEEN PRESTON
206,Cigna Health Life Insurance Company,"VERIZON COMMUNICATIONS, INC.",GPPO,232259884,2025-12-31,2025-01-01,2018-01-01,ONE VERIZON WAY,,BASKING RIDGE,NJ,7920.0,9085593342.0,517000.0,2026-04-22T09:30:46-0500,ARLEEN PRESTON
207,Cigna Health Life Insurance Company,"Heart of Texas Goodwill Industries, Inc.",OAP,741238443,2025-12-31,2025-01-01,2017-08-01,1700 SOUTH NEW ROAD,,WACO,TX,76711.0,2547537337.0,813000.0,2026-02-25T22:29:25-0600,SHANNON WITTMER
208,Cigna Health Life Insurance Company,"ADELANTE HEALTHCARE, INC.",Local Plus,860377821,2025-12-31,2025-01-01,2006-01-01,3033 NORTH CENTRAL AVENUE,SUITE 145,PHOENIX,AZ,85012.0,6235833001.0,621399.0,,
209,Cigna Health Life Insurance Company,FOXCONN CORPORATION,OAP,760427709,2025-12-31,2025-01-01,2005-09-01,8801 FALL BROOK DRIVE,,HOUSTON,TX,77064.0,2816681678.0,334110.0,,
210,Cigna Health Life Insurance Company,TECTONIC MSA LLC,OAP,995060184,2025-12-31,2025-01-01,2015-11-01,70 PLEASANT HILL ROAD,PO BOX 37,MOUNTAINVILLE,NY,10953.0,8455345959.0,541330.0,2026-04-23T10:13:28-0500,ELENA CIARDULLO
211,Cigna Health Life Insurance Company,The Legal Aid Society of Cleveland,OAP,340866026,2022-12-31,2022-01-01,2022-01-01,1223 WEST SIXTH STREET,,CLEVELAND,OH,44113.0,2166871900.0,541190.0,2026-04-24T08:45:06-0500,COLLEEN COTTER
212,Cigna Health Life Insurance Company,"Huish Outdoors, LLC",OAP,263678735,2023-11-30,2022-12-01,2022-12-01,1540 NORTH 2200 WEST,,SALT LAKE CITY,UT,84116.0,8018346931.0,451140.0,2026-04-22T16:14:09-0500,CINDY CHATWIN
213,Cigna Health Life Insurance Company,"BELL & MCCOY COMPANIES, LLC",OAP,741718203,2025-01-01,2025-01-01,2004-01-01,7210 NORTH LOOP EAST,,HOUSTON,TX,77028.0,7132234146.0,541110.0,,
214,Cigna Health Life Insurance Company,U.S. Eagle Federal Credit Union,OAP,850102181,2025-12-31,2025-01-01,1992-01-01,3939 OSUNA RD NE,,ALBUQUERQUE,NM,87109.0,5053428875.0,522130.0,2026-04-06T09:43:57-0500,MAGGIE TANNEN
215,Cigna Health Life Insurance Company,"Autonomous Solutions, Inc.",OAP,870662067,2025-12-31,2025-01-01,2018-01-01,990 NORTH 8000 WEST,,MENDON,UT,84325.0,4357552980.0,541700.0,,
216,Cigna Health Life Insurance Company,THE ARCTICOM GROUP,Local Plus,821463967,2021-12-31,2021-01-01,2019-01-01,1676 N. CALIFORNIA BLVD,SUITE 550,WALNUT CREEK,CA,94596.0,9723223642.0,238210.0,,
217,Cigna Health Life Insurance Company,"DS-SL Holdings, LLC dba SupplyLogic",OAP,844489591,2025-12-31,2025-01-01,1998-04-01,1400 UNIVERSAL AVENUE,,KANSAS CITY,MO,64120.0,4107851111.0,323100.0,2026-04-14T11:38:19-0500,SHIRMALYN PONCE
218,Cigna Health Life Insurance Company,"Pacific Group Resort, Inc.",OAP,364778076,2025-06-30,2025-05-01,2021-05-01,1794 OLYMPIC PARKWAY,SUITE 250,PARK CITY,UT,84098.0,8015180020.0,713900.0,,
219,Cigna Health Life Insurance Company,MATTRESS FIRM,OAP,760596008,2025-09-25,2025-01-01,2019-04-15,10201 SOUTH MAIN STREET,,HOUSTON,TX,77025.0,7133433588.0,442299.0,2026-04-08T13:05:29-0500,MARK WHITING
220,Cigna Health Life Insurance Company,"MOMENTUM MANUFACTURING GROUP, LLC",OAP,823058909,2025-09-30,2025-01-01,1997-01-01,23 NATIONAL WAY,,GEORGETOWN,MA,1833.0,8027485007.0,332900.0,2026-04-08T13:04:56-0500,YOLANDA VEGA-SANTILLAN
221,Cigna Health Life Insurance Company,"Elk Operating Services, LLC",OAP,823513197,2025-12-31,2025-01-01,2009-01-01,1700 LINCOLN STREET,SUITE 250,DENVER,CO,80203.0,3038616255.0,424700.0,,
222,Cigna Health Life Insurance Company,AON CORPORATION,Local Plus,363051915,2021-12-31,2021-01-01,1984-07-01,MSC# 17755,PO BOX 1447,LINCOLNSHIRE,IL,60069.0,3123811000.0,524290.0,2026-03-22T19:39:42-0500,DONNA DAVIS
223,Cigna Health Life Insurance Company,AON CORPORATION,Local Plus,363051915,2022-12-31,2022-01-01,1984-07-01,MSC# 17755,PO BOX 1447,LINCOLNSHIRE,IL,60069.0,3123811000.0,524290.0,2026-03-22T19:48:04-0500,DONNA DAVIS
224,Cigna Health Life Insurance Company,AON CORPORATION,Local Plus,363051915,2021-12-31,2021-01-01,2004-01-01,MSC# 17755,PO BOX 1447,LINCOLNSHIRE,IL,60069.0,3123811000.0,524290.0,2026-03-22T20:37:37-0500,DONNA DAVIS
225,Cigna Health Life Insurance Company,AON CORPORATION,Local Plus,363051915,2022-12-31,2022-01-01,2004-01-01,MSC# 17755,PO BOX 1447,LINCOLNSHIRE,IL,60069.0,3123811000.0,524290.0,2026-03-22T20:42:50-0500,DONNA DAVIS
226,Cigna Health Life Insurance Company,AON CORPORATION,Local Plus,363051915,2021-12-31,2021-01-01,1977-01-01,MSC# 17755,PO BOX 1447,LINCOLNSHIRE,IL,60069.0,3123811000.0,524290.0,2026-03-22T21:12:20-0500,DONNA DAVIS
227,Cigna Health Life Insurance Company,AON CORPORATION,Local Plus,363051915,2022-12-31,2022-01-01,1977-01-01,MSC# 17755,PO BOX 1447,LINCOLNSHIRE,IL,60069.0,3123811000.0,524290.0,2026-03-22T21:26:31-0500,DONNA DAVIS
228,Cigna Health Life Insurance Company,SOUTH COLLEGE OF TENNESSEE LLC,OAP,461287748,2025-12-31,2025-01-01,2014-01-01,3904 LONAS DRIVE,,KNOXVILLE,TN,37909.0,8652934550.0,611000.0,,
229,Cigna Health Life Insurance Company,"FRANKLIN ELECTRIC CO., INC.",OAP,350827455,2022-12-31,2022-01-01,1960-01-01,9255 COVERDALE RD,,FORT WAYNE,IN,468099613.0,2602842900.0,335310.0,2026-01-27T09:36:16-0600,GABRIELLE CARR
230,Cigna Health Life Insurance Company,"Support, LLC dba Support, Inc.",OAP,841110664,2025-12-31,2025-01-01,2017-01-01,15591 EAST CENTERTECH PARKWAY,,AURORA,CO,80011.0,3033400322.0,624100.0,,
231,Cigna Health Life Insurance Company,Third Point LLC,OAP,133922602,2025-05-31,2025-02-01,2022-01-01,55 HUDSON YARDS,,NEW YORK,NY,10001.0,2127156707.0,523900.0,,
232,Cigna Health Life Insurance Company,"Physician Partners of America, LLC",OAP,900962715,2025-12-31,2025-01-01,2013-10-01,504 NORTH REO STREET,,TAMPA,FL,33609.0,8447037246.0,621111.0,,
233,Cigna Health Life Insurance Company,"McEwen Mining, Inc.",OAP,840796160,2025-12-31,2025-01-01,2018-01-01,2215 N. 5TH STREET,,ELKO,NV,89801.0,7752994081.0,212200.0,2026-04-14T13:07:32-0500,HEIDI WHIMPLE
234,Cigna Health Life Insurance Company,KRAFT HEINZ FOODS COMPANY,Local Plus,250542520,2025-12-31,2025-01-01,1974-08-01,"200 E RANDOLPH, SUITE 7600",,CHICAGO,IL,606017720.0,8476462000.0,424400.0,2026-04-09T09:25:49-0500,AMY OSTOP
235,Cigna Health Life Insurance Company,KRAFT HEINZ FOODS COMPANY,Local Plus,250542520,2025-12-31,2025-01-01,1991-01-01,200 E RANDOLPH ST STE 7600,,CHICAGO,IL,606017720.0,8476462000.0,424400.0,2026-04-10T09:15:32-0500,AMY OSTOP
236,Cigna Health Life Insurance Company,KRAFT HEINZ FOODS COMPANY,Local Plus,250542520,2025-12-31,2025-01-01,2017-01-01,200 E RANDOLPH ST STE 7600,,CHICAGO,IL,606017720.0,8476462000.0,424400.0,2026-04-10T09:12:34-0500,AMY OSTOP
237,Cigna Health Life Insurance Company,KRAFT HEINZ FOODS COMPANY,Local Plus,250542520,2025-12-31,2025-01-01,1983-07-01,200 E RANDOLPH ST STE 7600,,CHICAGO,IL,606017720.0,8476462000.0,424400.0,2026-04-10T10:16:02-0500,AMY OSTOP
238,Cigna Health Life Insurance Company,"Schoeller Bleckmann America, Inc.",OAP,510332482,2025-12-31,2025-01-01,2019-01-01,11525 BRITTMOORE PARK DR,,HOUSTON,TX,77041.0,7138566500.0,332700.0,,
239,Cigna Health Life Insurance Company,Hayes Medical Staffing LLC,OAP,823139826,2022-07-31,2021-08-01,2018-01-01,6700 N. ANDREWS AVENUE,SUITE 600,FORT LAUDERDALE,FL,33309.0,9546179537.0,541600.0,2026-02-20T10:28:21-0600,JOSHUA RUF
240,Cigna Health Life Insurance Company,Hayes Medical Staffing LLC,OAP,823139826,2023-07-31,2022-08-01,2018-01-01,6700 N. ANDREWS AVENUE,SUITE 600,FORT LAUDERDALE,FL,33309.0,9546179537.0,541600.0,2026-02-20T10:31:40-0600,JOSHUA RUF
241,Cigna Health Life Insurance Company,"DAP Health, Inc.",OAP,330068583,2025-12-31,2025-01-01,2017-02-01,1695 NORTH SUNRISE WAY,,PALM SPRINGS,CA,92262.0,7609920419.0,621498.0,,
242,Cigna Health Life Insurance Company,"Drill Tech Drilling & Shoring, Inc.",OAP,911854749,2022-12-31,2022-01-01,2003-08-01,2200 WYMORE WAY,,ANTIOCH,CA,94509.0,9259782060.0,238900.0,2026-01-14T15:29:17-0600,DOUG MUNIZ
243,Cigna Health Life Insurance Company,Dominion Due Diligence Group,OAP,541720249,2025-12-31,2025-01-01,2014-02-01,201 WYLDEROSE DRIVE,,MIDLOTHIAN,VA,23113.0,8043582020.0,541330.0,,
244,Cigna Health Life Insurance Company,"BetterBody Foods and Nutrition, LLC",OAP,205989542,2021-12-31,2021-01-01,2015-10-01,1762 WEST 20 SOUTH #100,,LINDON,UT,84042.0,8013190189.0,424400.0,2026-02-25T13:05:06-0600,ADELIA ESSELTINE
245,Cigna Health Life Insurance Company,"GIBSON OVERSEAS, INC.",OAP,953393699,2025-06-10,2025-01-01,1997-10-01,2410 YATES AVE,,COMMERCE,CA,90040.0,6265609682.0,423200.0,2026-03-25T19:03:10-0500,KRISTINA LEE
246,Cigna Health Life Insurance Company,"Arizona Advanced Surgery, LLC",Local Plus,843016310,2025-05-22,2025-01-01,2021-03-01,2320 N 3RD ST,,PHOENIX,AZ,85004.0,6022961453.0,621111.0,,
247,Cigna Health Life Insurance Company,Johnson Restaurant Group,OAP,820341648,2023-06-30,2022-07-01,2020-07-01,PO BOX 50630,,CASPER,WY,826050630.0,3072653029.0,722511.0,2026-03-23T12:15:34-0500,JAMES HINTON
248,Cigna Health Life Insurance Company,"Cuesta Investments, Inc.",OAP,770508345,2025-12-31,2025-01-01,2022-01-01,PO BOX 4960,,SAN LUIS OBISPO,CA,93403.0,8055434745.0,441110.0,,
249,Cigna Health Life Insurance Company,"Burns Pest Elimination, Inc.",OAP,860469064,2025-12-31,2025-01-01,1997-09-01,2620 W GROVERS AVE,,PHOENIX,AZ,850531965.0,6029714782.0,561710.0,,
250,Cigna Health Life Insurance Company,"Sila Services, LLC dba Dave's World",OAP,851645781,2025-12-31,2025-01-01,2021-01-01,"900 E 8TH AVENUE, SUITE 106",,KING OF PRUSSIA,PA,19406.0,6109949506.0,238220.0,,
251,Cigna Health Life Insurance Company,"Raleigh Capitol Ear, Nose and Throat P.A.",OAP,320365638,2020-06-30,2019-07-01,2019-07-01,"4600 LAKE BOONE TRAIL, SUITE 100",,RALEIGH,NC,27607.0,9197871374.0,621111.0,,
252,Cigna Health Life Insurance Company,"Raleigh Capitol Ear, Nose and Throat P.A.",OAP,320365638,2023-06-30,2022-07-01,2020-07-01,"4600 LAKE BOONE TRAIL, SUITE 100",,RALEIGH,NC,27607.0,9197871374.0,621111.0,,
253,Cigna Health Life Insurance Company,"Arizona Advanced Surgery, LLC",OAP,843016310,2025-05-22,2025-01-01,2021-03-01,2320 N 3RD ST,,PHOENIX,AZ,85004.0,6022961453.0,621111.0,,
254,Cigna Health Life Insurance Company,SYNEREN TECHNOLOGIES CORPORATION,OAP,450525115,2016-12-31,2016-01-01,2015-04-01,1577 SPRING HILL ROAD,SUITE 410,VIENNA,VA,22812.0,5719703663.0,541330.0,,
255,Cigna Health Life Insurance Company,SYNEREN TECHNOLOGIES CORPORATION,OAP,450525115,2017-12-31,2017-01-01,2015-04-01,1577 SPRING HILL ROAD,SUITE 410,VIENNA,VA,22812.0,5719703663.0,541330.0,,
256,Cigna Health Life Insurance Company,SYNEREN TECHNOLOGIES CORPORATION,OAP,450525115,2018-12-31,2018-01-01,2015-04-01,1577 SPRING HILL ROAD,SUITE 410,VIENNA,VA,22812.0,5719703663.0,541330.0,,
257,Cigna Health Life Insurance Company,SYNEREN TECHNOLOGIES CORPORATION,OAP,450525115,2019-12-31,2019-01-01,2015-04-01,1577 SPRING HILL ROAD,SUITE 410,VIENNA,VA,22812.0,5719703663.0,541330.0,,
258,Cigna Health Life Insurance Company,SYNEREN TECHNOLOGIES CORPORATION,OAP,450525115,2021-12-31,2021-01-01,2015-04-01,1577 SPRING HILL ROAD,SUITE 410,VIENNA,VA,22812.0,5719703663.0,541330.0,,
259,Cigna Health Life Insurance Company,STARBUCKS CORPORATION,OAP,911325671,2022-09-30,2021-10-01,1990-07-01,2401 UTAH AVE. S.,SUITE 800,SEATTLE,WA,981341435.0,2064471575.0,445299.0,,
260,Cigna Health Life Insurance Company,STARBUCKS CORPORATION,OAP,911325671,2023-09-30,2022-10-01,1990-07-01,2401 UTAH AVE. S.,SUITE 800,SEATTLE,WA,981341435.0,2064471575.0,445299.0,,
261,Cigna Health Life Insurance Company,"ACCESS INTELLIGENCE, LLC",OAP,522270063,2025-12-31,2025-01-01,2001-03-01,9211 CORPORATE BOULEVARD,4TH FLOOR,ROCKVILLE,MD,20850.0,3013542000.0,511190.0,2026-03-11T14:59:25-0500,MICHELLE LEVY
262,Cigna Health Life Insurance Company,"Varilease Finance, Inc. DBA VFI Corporate Finance",OAP,383620014,2025-12-31,2025-01-01,2019-01-01,"2800 E. COTTONWOOD PKWY, 2ND FLOOR",,SALT LAKE CITY,UT,84121.0,8017338100.0,522220.0,,
263,Cigna Health Life Insurance Company,CareCloud Inc.,OAP,223832302,2025-12-31,2025-01-01,2018-01-01,7 CLYDE RD,,SOMERSET,NJ,8873.0,7328735133.0,541512.0,2026-04-22T09:10:18-0500,JENNIFER RIOS
264,Cigna Health Life Insurance Company,"CERTUS PEST, INC.",Local Plus,834381920,2025-09-30,2025-08-01,2019-08-01,4630 WOODLAND CORPORATE BOULEVARD,SUITE 209,TAMPA,FL,33614.0,4078153603.0,561710.0,,
265,Cigna Health Life Insurance Company,"Impact Partnership Services, LLC",OAP,872140609,2025-12-31,2025-01-01,2015-01-01,1688 WHITE CIRCLE NW,,MARIETTA,GA,30066.0,8003805040.0,515100.0,,
266,Cigna Health Life Insurance Company,"Valor Global, LLC",Local Plus,260085059,2021-12-31,2021-01-01,2019-01-01,"14269 NORTH 87TH STREET, SUITE 203",,SCOTTSDALE,AZ,85260.0,4803069888.0,541990.0,,
268,Cigna Health Life Insurance Company,"Valor Global, LLC",Local Plus,260085059,2022-12-31,2022-01-01,2019-01-01,"14269 NORTH 87TH STREET, SUITE 203",,SCOTTSDALE,AZ,85260.0,4803069888.0,541990.0,,
270,Cigna Health Life Insurance Company,Wish Farms,OAP,593739152,2025-12-31,2025-01-01,2018-01-01,2262 PIXIE WAY,,PLANT CITY,FL,33563.0,8137525111.0,111300.0,,
271,Cigna Health Life Insurance Company,Colorado Springs Orthopaedic Group,Local Plus,841276956,2025-12-31,2025-01-01,2021-01-01,4110 BRIARGATE PARKWAY,SUITE 300,COS,CO,80920.0,7198677323.0,621111.0,,
272,Cigna Health Life Insurance Company,"Brunner & Lay, Inc.",OAP,362065746,2025-12-31,2025-01-01,1998-07-01,PO BOX 1190,,SPRINGDALE,AR,727651190.0,4797562880.0,333100.0,2026-04-15T16:20:28-0500,MELODY SHERRILL
273,Cigna Health Life Insurance Company,"ServiceCore, Inc.",OAP,842824294,2025-12-31,2025-01-01,2023-12-01,3615 DELGANY STREET,,DENVER,CO,80216.0,5745275305.0,541990.0,,
274,Cigna Health Life Insurance Company,Temporal Technologies Inc.,OAP,843378529,2025-12-31,2025-01-01,2023-01-01,1915 140TH AVE NE,SUITE D2-1335,BELLEVUE,WA,98005.0,7203317636.0,541511.0,2026-03-27T12:44:20-0500,JENNIFER COMBS
275,Cigna Health Life Insurance Company,"Ocean Associates, Inc.",OAP,710931202,2018-11-30,2017-12-01,2010-12-01,4007 NORTH ABINGDON STREET,,ARLINGTON,VA,22207.0,7033889548.0,541600.0,,
276,Cigna Health Life Insurance Company,"Ocean Associates, Inc.",OAP,710931202,2019-11-30,2018-12-01,2010-12-01,4007 NORTH ABINGDON STREET,,ARLINGTON,VA,22207.0,7033889548.0,541600.0,,
277,Cigna Health Life Insurance Company,"Energy Engineering Associates, Inc",OAP,741904410,2025-12-31,2025-01-01,2023-01-01,7300 RANCH ROAD 2222,"BUILDING II, SUITE 100",AUSTIN,TX,78730.0,5127444455.0,541330.0,,
278,Cigna Health Life Insurance Company,CHARTWAY FEDERAL CREDIT UNION,OAP,540674620,2025-12-31,2025-01-01,1985-10-01,"5700 CLEVELAND STREET, SUITE 101",,VIRGINIA BEACH,VA,23462.0,7575521000.0,522130.0,,
279,Cigna Health Life Insurance Company,OptConnect Management LLC,PPO,352432402,2025-12-31,2025-01-01,2023-01-01,"865 W 450 N, SUITE 1",,KAYSVILLE,UT,84037.0,8014445958.0,532400.0,,
280,Cigna Health Life Insurance Company,HEALTHEZ,PPO,813789663,2025-12-31,2025-01-01,2023-01-01,2582 HIGHWAY 6 AND 50,,GRAND JUNCTION,CO,81501.0,8012696463.0,441120.0,,
281,Cigna Health Life Insurance Company,HEALTHEZ,PPO,813789663,2025-12-31,2025-01-01,2023-01-01,2582 HIGHWAY 6 AND 50,,GRAND JUNCTION,CO,81501.0,8012696463.0,441120.0,,
282,Cigna Health Life Insurance Company,HEALTHEZ,PPO,813789663,2025-12-31,2025-01-01,2023-01-01,2582 HIGHWAY 6 AND 50,,GRAND JUNCTION,CO,81501.0,8012696463.0,441120.0,,
283,Cigna Health Life Insurance Company,AdCellerant LLC,OAP,464181549,2025-12-31,2025-01-01,2023-01-01,900 BANNOCK STREET,,DENVER,CO,80204.0,3036561355.0,541800.0,,
284,Cigna Health Life Insurance Company,THE VIRGINIA HOME,OAP,540577900,2025-12-31,2025-01-01,2005-05-01,1101 HAMPTON STREET,,RICHMOND,VA,23220.0,8042548828.0,623000.0,,
285,Cigna Health Life Insurance Company,Groove Technology Solutions.,OAP,208658607,2025-12-31,2025-01-01,2020-01-01,6849 SOUTH 700 WEST,,MIDVALE,UT,84047.0,8012609095.0,517000.0,,
286,Cigna Health Life Insurance Company,"VALET LIVING, LLC",OAP,204186236,2025-12-31,2025-01-01,2012-01-01,10150 HIGHLAND MANOR DRIVE,SUITE 120,TAMPA,FL,33610.0,8132481327.0,561440.0,,
287,Cigna Health Life Insurance Company,GCI/Del Amo Group,OAP,330781462,2025-06-02,2025-01-01,1996-01-01,19191 S VERMONT AVE.,SUITE 950,TORRANCE,CA,90502.0,3103786203.0,236200.0,2026-04-10T07:17:58-0500,ALAN CHOE
288,Cigna Health Life Insurance Company,"Vertex Education, LLC",Local Plus,455589598,2025-12-31,2025-01-01,2011-06-11,3125 SOUTH GILBERT ROAD,,CHANDLER,AZ,85286.0,4802705438.0,611000.0,,
289,Cigna Health Life Insurance Company,"Keystone Plastics, Inc.",OAP,221476437,2025-12-31,2025-01-01,2025-01-01,3451 S CLINTON AVE,,SOUTH PLAINFIELD,NJ,70801303.0,9085611300.0,326100.0,2026-02-10T11:13:28-0600,MILAGROS GUZMAN
290,Cigna Health Life Insurance Company,"ENSEMBLE SERVICES, LLC",Local Plus,811103382,2025-12-31,2025-01-01,2021-01-01,3030 NORTH 3RD STREET,SUITE 525,PHOENIX,AZ,85012.0,6029548352.0,531210.0,,
291,Cigna Health Life Insurance Company,"Fuzion Field Services, LLC",OAP,474788831,2025-12-31,2025-01-01,2024-01-01,2435 2ND AVENUE,,GREELEY,CO,80631.0,9707023010.0,562000.0,,
292,Cigna Health Life Insurance Company,ADITI CONSULTING,OAP,264656792,2025-04-01,2025-01-01,2003-08-10,"11820 NORTHUP WAY, STE 305",,BELLEVUE,WA,98005.0,7037343330.0,541512.0,2026-02-13T11:16:06-0600,DAN GERELICK
293,Cigna Health Life Insurance Company,"Arceo Labs, Inc. dba Resilience",OAP,813822747,2025-12-31,2025-01-01,2024-01-01,"55 2ND STREET, SUITE 1950",,SAN FRANCISCO,CA,94105.0,9592454458.0,524210.0,,
294,Cigna Health Life Insurance Company,MINTED LLC,OAP,753249279,2025-12-31,2025-01-01,2014-08-01,"747 FRONT STREET, SUITE 200",,SAN FRANCISCO,CA,94111.0,4153991100.0,452200.0,2026-04-14T11:18:40-0500,ROBIN MEIR
295,Cigna Health Life Insurance Company,"Direct Mortgage Loans, LLC",OAP,453143795,2025-12-31,2025-12-01,2025-12-01,11011 MCORMICK ROAD,STE 400,HUNT VALLEY,MD,21031.0,4108789730.0,525990.0,2026-02-25T11:25:10-0600,STEPHANIE HENKELMAN
296,Cigna Health Life Insurance Company,"Black Bear Sports Group, Inc.",OAP,811124937,2025-12-31,2025-01-01,2023-01-01,"7250 WOODMONT AVE., STE 210",,BETHESDA,MD,20814.0,2402231323.0,711300.0,,
297,Cigna Health Life Insurance Company,"Boom Technology, Inc.",OAP,471956218,2025-12-31,2025-01-01,2019-12-01,6803 SOUTH TUSCON WAY,,CENTENNIAL,CO,80112.0,7202017372.0,336410.0,,
298,Cigna Health Life Insurance Company,"Mark Young Construction, LLC",OAP,841113245,2025-12-31,2025-01-01,2021-01-01,7200 MILLER PLACE,,FREDERICK,CO,80504.0,3037761449.0,236200.0,2026-03-20T10:30:30-0500,CLEMEN PEREZ
299,Cigna Health Life Insurance Company,"GREENLIGHT FINANCIAL TECHNOLOGY, INC.",OAP,472550478,2025-12-31,2025-10-01,2019-09-01,303 PEACHTREE STREET NE,SUITE 4300,ATLANTA,GA,30308.0,7737932526.0,812990.0,,
300,Cigna Health Life Insurance Company,Holden Forests & Gardens,OAP,340750346,2023-06-30,2022-07-01,2022-07-01,9500 SPERRY ROAD,,KIRTLAND,OH,44094.0,4406023830.0,712100.0,,
301,Cigna Health Life Insurance Company,"Hoffman Instrumentation Supply, Inc",OAP,930757945,2025-12-31,2025-01-01,2022-01-01,5500 NE MOORE COURT,,HILLSBORO,OR,97124.0,5034662200.0,331200.0,,
302,Cigna Health Life Insurance Company,"Hoffman Instrumentation Supply, Inc",OAP,930757945,2025-12-31,2025-01-01,2023-01-01,5500 NE MOORE COURT,,HILLSBORO,OR,97124.0,5034662200.0,331200.0,,
303,Cigna Health Life Insurance Company,"Archer Education, Inc.",Local Plus,205443842,2025-12-31,2025-01-01,2024-01-01,10975 BENSON DR,SUITE 150,OVERLAND PARK,KS,66210.0,,611000.0,,
304,Cigna Health Life Insurance Company,Ascend Staffing,OAP,870297877,2025-12-31,2025-01-01,2022-01-01,450 EAST 1000 NORTH,,NORTH SALT LAKE,UT,84054.0,8012996300.0,561300.0,,
305,Cigna Health Life Insurance Company,Computer Guidance,OAP,464707871,2025-12-31,2025-08-01,2017-08-01,PO BOX 28097,,SCOTTSDALE,AZ,85255.0,8477250961.0,541519.0,,
306,Cigna Health Life Insurance Company,"LYDIG Construction, Inc.",OAP,910672331,2025-12-31,2025-01-01,2015-01-01,11001 EAST MONTGOMERY,,SPOKANE VALLEY,WA,99206.0,5095340451.0,236200.0,,
307,Cigna Health Life Insurance Company,"Dynatron Software, Inc.",OAP,752869089,2025-12-31,2025-10-01,2024-10-01,2703 TELECOM PARKWAY,SUITE 150,RICHARDSON,TX,75082.0,4694302499.0,541511.0,,
308,Cigna Health Life Insurance Company,Gong & Gong Company dba Food 4 Less,OAP,770264222,2025-12-31,2025-01-01,1990-05-01,"2121 N. DINUBA BLVD., #J",,VISALIA,CA,93291.0,5597340134.0,445110.0,2026-03-16T17:18:23-0500,MARILYN GONG
309,Cigna Health Life Insurance Company,"Autonomous Solutions, Inc.",PPO,870662067,2025-12-31,2025-01-01,2018-01-01,990 NORTH 8000 WEST,,MENDON,UT,84325.0,4357552980.0,541700.0,,
310,Cigna Health Life Insurance Company,"Chatham Orthopaedic Associates, PA",OAP,581132546,2021-11-30,2020-12-01,2018-12-01,4425 PAULSEN STREET,,SAVANNAH,GA,31405.0,9123556615.0,621111.0,2026-02-23T09:59:53-0600,CAROLYN DIAZ
311,Cigna Health Life Insurance Company,"Chatham Orthopaedic Associates, PA",OAP,581132546,2023-11-30,2022-12-01,2018-12-01,4425 PAULSEN STREET,,SAVANNAH,GA,31405.0,9123556615.0,621111.0,2026-02-23T10:01:12-0600,CAROLYN DIAZ
312,Cigna Health Life Insurance Company,"Chatham Orthopaedic Associates, PA",OAP,581132546,2022-11-30,2021-12-01,2018-12-01,4425 PAULSEN STREET,,SAVANNAH,GA,31405.0,9123556615.0,621111.0,2026-02-23T10:01:39-0600,CAROLYN DIAZ
313,Cigna Health Life Insurance Company,"Archer Education, Inc.",OAP,205443842,2025-12-31,2025-01-01,2024-01-01,10975 BENSON DR,SUITE 150,OVERLAND PARK,KS,66210.0,,611000.0,,
314,Cigna Health Life Insurance Company,Photon Brothers Inc.,OAP,463430499,2025-12-31,2025-01-01,2024-01-01,7705 WEST 108TH AVENUE,SUITE 100,WESTMINSTER,CO,80021.0,8447276527.0,238220.0,,
315,Cigna Health Life Insurance Company,Western Disposal Services,OAP,840790541,2025-12-31,2025-01-01,1998-01-01,5880 BUTTE MILL ROAD,,BOULDER,CO,80301.0,3034442037.0,562000.0,,
316,Cigna Health Life Insurance Company,US Pack Services LLC,OAP,832725625,2025-12-31,2025-01-01,2016-01-01,4563 JUDGE ROAD,SUITE 100,ORLANDO,FL,32812.0,4078436505.0,492110.0,2026-04-22T12:15:48-0500,LINDA R KNOBBE
317,Cigna Health Life Insurance Company,Senox Corporation,OAP,742451480,2025-10-31,2025-01-01,2015-01-01,15409 LONG VISTA DR,,AUSTIN,TX,78728.0,5122513333.0,332110.0,,
318,Cigna Health Life Insurance Company,"Abilities Network, Inc.",OAP,526060453,2025-10-31,2025-02-01,2008-02-01,8503 LASALLE ROAD,,TOWSON,MD,21286.0,4108287700.0,624100.0,2026-04-20T14:06:09-0500,SHARON SCHILLINGER
319,Cigna Health Life Insurance Company,Vivacity Tech PBC,OAP,823945356,2025-12-31,2025-01-01,2023-01-01,641 FAIRVIEW AVENUE NORTH,SUITE 150,SAINT PAUL,MN,55104.0,8777312069.0,541990.0,,
320,Cigna Health Life Insurance Company,Vivacity Tech PBC,OAP,823945356,2025-12-31,2025-01-01,2024-01-01,641 FAIRVIEW AVENUE NORTH,SUITE 150,SAINT PAUL,MN,55104.0,8777312069.0,541990.0,,
321,Cigna Health Life Insurance Company,Vivacity Tech PBC,OAP,823945356,2025-12-31,2025-01-01,2024-01-01,641 FAIRVIEW AVENUE NORTH,SUITE 150,SAINT PAUL,MN,55104.0,8777312069.0,541990.0,,
322,Cigna Health Life Insurance Company,Vivacity Tech PBC,OAP,823945356,2025-12-31,2025-01-01,2024-01-01,641 FAIRVIEW AVENUE NORTH,SUITE 150,SAINT PAUL,MN,55104.0,8777312069.0,541990.0,,
323,Cigna Health Life Insurance Company,"Lakeland Community Hospital, Inc.",OAP,472367677,2025-12-31,2025-01-01,2022-10-01,42024 HIGHWAY 195,,HALEYVILLE,AL,35565.0,2054857194.0,622000.0,2026-04-23T09:17:26-0500,LEE SANDLIN
324,Cigna Health Life Insurance Company,RH Wine LLC,OAP,363118653,2025-12-31,2025-01-01,2021-01-01,225 SMITH ROAD,,ST. CHARLES,IL,60174.0,6303776000.0,524210.0,2026-04-08T14:16:09-0500,MATTHEW REED
325,Cigna Health Life Insurance Company,Asbury Advanced Materials,OAP,223456252,2025-06-30,2025-04-01,2019-03-01,405 OLD MAIN STREET,,ASBURY,NJ,8802.0,9085372155.0,332400.0,,
326,Cigna Health Life Insurance Company,"Allied Mortgage Group, Inc.",OAP,232721546,2025-12-31,2025-01-01,2020-01-01,"225 EAST CITY AVENUE, SUITE 102",,BALA CYNWYD,PA,19004.0,6106604716.0,522291.0,,
327,Cigna Health Life Insurance Company,"Allied Mortgage Group, Inc.",OAP,232721546,2025-12-31,2025-01-01,2020-01-01,"225 EAST CITY AVENUE, SUITE 102",,BALA CYNWYD,PA,19004.0,6106604716.0,522291.0,,
328,Cigna Health Life Insurance Company,"Allied Mortgage Group, Inc.",OAP,232721546,2025-12-31,2025-01-01,2020-01-01,"225 EAST CITY AVENUE, SUITE 102",,BALA CYNWYD,PA,19004.0,6106604716.0,522291.0,,
329,Cigna Health Life Insurance Company,"Allied Mortgage Group, Inc.",OAP,232721546,2025-12-31,2025-01-01,2020-01-01,"225 EAST CITY AVENUE, SUITE 102",,BALA CYNWYD,PA,19004.0,6106604716.0,522291.0,,
330,Cigna Health Life Insurance Company,"Allied Mortgage Group, Inc.",OAP,232721546,2025-12-31,2025-01-01,2023-01-01,"225 EAST CITY AVENUE, SUITE 102",,BALA CYNWYD,PA,19004.0,6106604716.0,522291.0,,
331,Cigna Health Life Insurance Company,"FOUR WINDS HEALTH, LLC",OAP,451273930,2021-12-31,2021-01-01,2012-01-01,3350 RIVERWOOD PARKWAY SE STE 1550,,ATLANTA,GA,303395995.0,4702603575.0,621399.0,2026-02-19T12:51:49-0600,MICHELLE ANSLEY
332,Cigna Health Life Insurance Company,"FOUR WINDS HEALTH, LLC",OAP,451273930,2022-12-31,2022-01-01,2012-01-01,3350 RIVERWOOD PARKWAY SE STE 1550,,ATLANTA,GA,303395995.0,4702603575.0,621399.0,2026-02-19T12:50:59-0600,MICHELLE ANSLEY
333,Cigna Health Life Insurance Company,"United Heating & Cooling, Inc.",Local Plus,431563674,2025-12-31,2025-01-01,2018-01-01,301 DUCK RD,,GRANDVIEW,MO,64030.0,8162854454.0,238220.0,,
334,Cigna Health Life Insurance Company,"CLEARENT, LLC",PPO,202775680,2025-12-31,2025-01-01,2021-01-01,950 EAST PACES FERRY ROAD NE,,ATLANTA,GA,30326.0,3144805445.0,511210.0,,
335,Cigna Health Life Insurance Company,"Galiso, Inc.",OAP,841202690,2025-12-31,2025-01-01,2003-01-01,22 PONDEROSA CT,,MONTROSE,CO,814016201.0,9702490233.0,333900.0,2026-04-02T13:58:14-0500,MARIANNE WANGENHEIM
336,Cigna Health Life Insurance Company,"SMARTRENT, INC.",OAP,814419089,2025-12-31,2025-01-01,2019-01-01,8665 EAST HARTFORD DRIVE,SUITE 200,SCOTTSDALE,AZ,85255.0,4803712791.0,511210.0,,
337,Cigna Health Life Insurance Company,Verigon LLC,Local Plus,274273763,2025-12-31,2025-01-01,2011-01-01,1140 W WARNER RD STE 101,,TEMPE,AZ,852842866.0,4809678989.0,335900.0,2026-02-18T12:07:00-0600,DONALD BERG
338,Cigna Health Life Insurance Company,Verigon LLC,Local Plus,274273763,2022-12-31,2022-01-01,2011-01-01,1140 W WARNER RD STE 101,,TEMPE,AZ,852842866.0,4809678989.0,335900.0,2026-02-12T16:17:42-0600,DONALD BERG
339,Cigna Health Life Insurance Company,"DAP Health, Inc.",Local Plus,330068583,2025-12-31,2025-01-01,2017-02-01,1695 NORTH SUNRISE WAY,,PALM SPRINGS,CA,92262.0,7609920419.0,621498.0,,
340,Cigna Health Life Insurance Company,Rango Inc.,OAP,454283092,2022-12-31,2022-01-01,2015-01-01,4215 E MCDOWELL RD STE 201,,MESA,AZ,852159745.0,4807296537.0,213110.0,2026-04-07T12:34:23-0500,KRISTEN MCCARTHY
341,Cigna Health Life Insurance Company,Rango Inc.,OAP,454283092,2021-12-31,2021-01-01,2015-01-01,4215 E MCDOWELL RD STE 201,,MESA,AZ,852159745.0,4807296537.0,213110.0,2026-04-07T12:20:31-0500,KRISTEN MCCARTHY
342,Cigna Health Life Insurance Company,"Anaconda, Inc.",OAP,454029380,2022-12-31,2022-01-01,2016-01-01,1108 LAVACA STREET,SUITE 110-645,AUSTIN,TX,78701.0,5122225440.0,541511.0,,
343,Cigna Health Life Insurance Company,"Anaconda, Inc.",OAP,454029380,2022-12-31,2022-01-01,2016-01-01,1108 LAVACA STREET,SUITE 110-645,AUSTIN,TX,78701.0,5122225440.0,541511.0,,
344,Cigna Health Life Insurance Company,"VEKA HOLDINGS, INC.",OAP,251716653,2025-12-31,2025-01-01,1988-08-01,100 VEKA DRIVE,,FOMBELL,PA,16123.0,7244521000.0,551112.0,2026-04-15T13:38:41-0500,SCOTT RESEK
345,Cigna Health Life Insurance Company,"Ascend Analytics, LLC",OAP,208214057,2025-12-31,2025-01-01,2024-01-01,1877 BROADWAY,SUITE 706,BOULDER,CO,80302.0,3034151400.0,541512.0,,
346,Cigna Health Life Insurance Company,Logan Simpson Design Inc.,OAP,860900108,2025-12-31,2025-01-01,2001-02-01,"222 S MILL AVENUE, SUITE 222",,TEMPE,AZ,85281.0,4809671343.0,541320.0,2026-04-22T17:34:58-0500,AMANDA MARTINEZ
347,Cigna Health Life Insurance Company,Delos Living LLC,OAP,272653237,2025-12-31,2025-01-01,2021-07-01,860 WASHINGTON STREET,FLOOR 5,NEW YORK,NY,10014.0,6463081565.0,541990.0,2026-04-06T14:25:06-0500,TALENE NIGDELIAN
348,Cigna Health Life Insurance Company,"United Heating & Cooling, Inc.",OAP,431563674,2025-12-31,2025-01-01,2018-01-01,301 DUCK RD,,GRANDVIEW,MO,64030.0,8162854454.0,238220.0,,
349,Cigna Health Life Insurance Company,Brett Dinovi & Associates LLC,OAP,562594012,2025-12-31,2025-01-01,2018-10-01,"3000 ATRIUM WAY, SUITE 430",,MT LAUREL,NJ,8054.0,8564128840.0,621330.0,,
350,Cigna Health Life Insurance Company,"Underwood Bros., Inc. dba AAA Landscape",OAP,860396095,2025-12-31,2025-01-01,2025-01-01,3747 E. SOUTHERN AVE,,PHOENIX,AZ,85040.0,6027703244.0,238900.0,,
351,Cigna Health Life Insurance Company,Juvare,OAP,753076403,2025-12-31,2025-07-01,2022-07-01,211 PERIMETER CENTER PKWY NE FL 700,,ATLANTA,GA,303461307.0,4702796463.0,541511.0,2026-04-20T20:58:26-0500,BRYAN KAPLAN
352,Cigna Health Life Insurance Company,"TRUE ANOMALY, INC.",OAP,874679524,2025-12-31,2025-01-01,2022-01-01,12250 E ARAPAHOE RD. STE B,,CENTENNIAL,CO,80112.0,7202308512.0,339900.0,,
353,Cigna Health Life Insurance Company,First Savings Bank,OAP,350309764,2025-12-31,2025-01-01,2008-01-01,702 NORTH SHORE DRIVE SUITE 300,,JEFFERSONVILLE,IN,47130.0,8122830724.0,522120.0,2026-04-22T09:13:00-0500,JACQUELINE JOURNELL
354,Cigna Health Life Insurance Company,"Pediatric Associates, Inc.",OAP,310742964,2025-12-31,2025-01-01,1969-01-01,7750 DILEY ROAD,SUITE A,CANA,OH,43110.0,6148377337.0,621111.0,,
355,Cigna Health Life Insurance Company,"Capital Brands Distribution, LLC",OAP,474643698,2025-12-31,2025-01-01,2016-02-01,10900 WILSHIRE BLVD STE 900,,LOS ANGELES,CA,900246500.0,3109967204.0,722300.0,2026-04-24T15:48:38-0500,DORA AVILA
356,Cigna Health Life Insurance Company,AMERICAN FURNITURE WAREHOUSE CO.,OAP,840581547,2025-12-31,2025-01-01,2022-05-01,8820 AMERICAN WAY,,ENGLEWOOD,CO,80112.0,7208738652.0,442110.0,,
357,Cigna Health Life Insurance Company,HUNTER CONTRACTING CO.,OAP,860172434,2025-12-31,2025-01-01,1983-02-01,701 N COOPER RD,,GILBERT,AZ,852333703.0,4808920521.0,237310.0,,
358,Cigna Health Life Insurance Company,Hanover Community Bank,OAP,261454386,2025-12-31,2025-01-01,2022-01-01,80 EAST JERICHO TURNPIKE,,MINEOLA,NY,11501.0,5165488500.0,532210.0,,
359,Cigna Health Life Insurance Company,"BetterBody Foods and Nutrition, LLC",Local Plus,205989542,2021-12-31,2021-01-01,2015-10-01,1762 WEST 20 SOUTH #100,,LINDON,UT,84042.0,8013190189.0,424400.0,2026-02-25T13:05:06-0600,ADELIA ESSELTINE
360,Cigna Health Life Insurance Company,Sacramento Rendering Company,OAP,941431414,2025-12-31,2025-07-01,1969-07-01,11350 KIEFER BOULEVARD,,SACRAMENTO,CA,958309498.0,9163634821.0,325300.0,,
361,Cigna Health Life Insurance Company,Berg Hill Greenleaf Ruscitti,OAP,841605707,2022-12-31,2022-01-01,2002-01-01,1712 PEARL STREET,,BOULDER,CO,80302.0,3034021600.0,541110.0,2026-02-26T12:42:17-0600,LIZ MARTINEZ
362,Cigna Health Life Insurance Company,"SUNSTATE EQUIPMENT COMPANY, LLC",OAP,860810251,2025-12-31,2025-01-01,2001-06-01,5552 EAST WASHINGTON STREET,,PHOENIX,AZ,85034.0,6026832310.0,333900.0,,
363,Cigna Health Life Insurance Company,Cardone Ventures LLC,OAP,841990653,2023-06-30,2022-07-01,2022-07-01,16435 NORTH SCOTTSDALE ROAD,SUITE 420,SCOTTSDALE,AZ,85254.0,6232448823.0,541600.0,2026-01-29T12:58:20-0600,GABRIELLA PETAGNA
364,Cigna Health Life Insurance Company,"Pacific Group Resort, Inc.",PPO,364778076,2025-06-30,2025-05-01,2021-05-01,1794 OLYMPIC PARKWAY,SUITE 250,PARK CITY,UT,84098.0,8015180020.0,713900.0,,
365,Cigna Health Life Insurance Company,ALTANA,OAP,822646716,2025-12-31,2025-01-01,2017-01-01,650 W. 67TH AVENUE,SUITE 200,SCHEREVILLE,IN,46375.0,2033033250.0,325900.0,2026-04-14T15:33:51-0500,ALISON AVERY
366,Cigna Health Life Insurance Company,SecurityScorecard,OAP,463593513,2025-12-31,2025-01-01,2022-01-01,1140 AVENUE OF AMERICAS,FLOOR 19,NEW YORK,NY,10036.0,8006821707.0,518210.0,2026-04-23T12:10:08-0500,MICHAEL DOWNEY
367,Cigna Health Life Insurance Company,STRANG CORPORATION,OAP,346526284,2025-06-01,2025-01-01,1993-01-01,8905 LAKE AVENUE,,CLEVELAND,OH,44102.0,2169616767.0,722511.0,2026-03-12T12:53:11-0500,MATT GARITO
368,Cigna Health Life Insurance Company,"VERIZON COMMUNICATIONS, INC.",HMO,232259884,2025-12-31,2025-01-01,1989-08-17,"ONE VERIZON WAY,",,BASKING RIDGE,NJ,7920.0,9085593342.0,517000.0,2026-03-13T17:40:33-0500,ARLEEN PRESTON
369,Cigna Health Life Insurance Company,"VERIZON COMMUNICATIONS, INC.",HMO,232259884,2025-12-31,2025-01-01,1989-09-01,"ONE VERIZON WAY,",,BASKING RIDGE,NJ,7920.0,9085593342.0,517000.0,2026-03-13T17:41:21-0500,ARLEEN PRESTON
370,Cigna Health Life Insurance Company,"VERIZON COMMUNICATIONS, INC.",HMO,232259884,2025-12-31,2025-01-01,1986-08-10,"ONE VERIZON WAY,",,BASKING RIDGE,NJ,7920.0,9085593342.0,517000.0,2026-03-13T17:39:23-0500,ARLEEN PRESTON
371,Cigna Health Life Insurance Company,"VERIZON COMMUNICATIONS, INC.",HMO,232259884,2025-12-31,2025-01-01,2024-01-01,ONE VERIZON WAY,,BASKING RIDGE,NJ,7920.0,9085593342.0,517000.0,2026-04-07T10:48:25-0500,ARLEEN PRESTON
372,Cigna Health Life Insurance Company,"VERIZON COMMUNICATIONS, INC.",HMO,232259884,2025-12-31,2025-01-01,1984-01-01,"ONE VERIZON WAY,",,BASKING RIDGE,NJ,7920.0,9085593342.0,517000.0,2026-04-07T10:43:54-0500,ARLEEN PRESTON
373,Cigna Health Life Insurance Company,"VERIZON COMMUNICATIONS, INC.",HMO,232259884,2025-12-31,2025-01-01,2002-01-01,"ONE VERIZON WAY,",,BASKING RIDGE,NJ,7920.0,9085593342.0,517000.0,2026-04-07T10:47:03-0500,ARLEEN PRESTON
374,Cigna Health Life Insurance Company,"VERIZON COMMUNICATIONS, INC.",HMO,232259884,2025-12-31,2025-01-01,2024-01-01,ONE VERIZON WAY,,BASKING RIDGE,NJ,7920.0,9085593342.0,517000.0,2026-04-07T10:51:17-0500,ARLEEN PRESTON
375,Cigna Health Life Insurance Company,"VERIZON COMMUNICATIONS, INC.",HMO,232259884,2025-12-31,2025-01-01,2018-01-01,"ONE VERIZON WAY,",,BASKING RIDGE,NJ,7920.0,9085593342.0,517000.0,2026-04-22T09:31:46-0500,ARLEEN PRESTON
376,Cigna Health Life Insurance Company,"VERIZON COMMUNICATIONS, INC.",HMO,232259884,2025-12-31,2025-01-01,2018-01-01,ONE VERIZON WAY,,BASKING RIDGE,NJ,7920.0,9085593342.0,517000.0,2026-04-22T09:30:46-0500,ARLEEN PRESTON
377,Cigna Health Life Insurance Company,MAGID GLOVE & SAFETY MANUFACTURING COMPA,Select,364057654,2025-12-31,2025-01-01,2020-01-01,1300 NAPERVILLE DRIVE,,ROMEOVILLE,IL,60446.0,7733842070.0,339900.0,2026-04-14T09:59:53-0500,BRENDA CONTRERAS
378,Cigna Health Life Insurance Company,View Thru Technologies Inc,OAP,233004692,2025-12-31,2025-01-01,2021-09-01,1765 WALNUT LANE,,QUAKERTOWN,PA,18951.0,2157030950.0,326100.0,2026-04-16T08:38:09-0500,JOSEPH IMHOF
379,Cigna Health Life Insurance Company,CORE SPECIALTY INSURANCE SERVICES,OAP,270173350,2025-12-31,2025-01-01,2022-01-01,201 EAST 5TH STREET,,CINCINNATI,OH,45202.0,5138131436.0,524290.0,,
380,Cigna Health Life Insurance Company,"AMERICAN NURSES ASSOCIATION, INC.",OAP,131893923,2025-08-28,2025-01-01,1986-01-01,8515 GEORGIA AVE,,SILVER SPRING,MD,20910.0,3016285000.0,813000.0,2026-03-15T16:57:45-0500,DANIEL WARCO
381,Cigna Health Life Insurance Company,"ITCON Services, LLC",OAP,264491365,2025-12-31,2025-01-01,2023-06-01,"8150 LEESBURG PIKE, SUITE 507",,VIENNA,VA,221822714.0,8445590534.0,541519.0,2026-04-07T19:17:13-0500,ZARRAR HUSAIN
382,Cigna Health Life Insurance Company,"Centerbase, LLC",OAP,651228380,2025-12-31,2025-01-01,2023-01-01,8350 NORTH CENTRAL EXPRESSWAY,SUITE 1900 PMB #3266,DALLAS,TX,75206.0,2149879000.0,541519.0,2026-04-01T11:26:16-0500,AMANDA MABREY
383,Cigna Health Life Insurance Company,Acme Electric Motor Inc,OAP,450283814,2025-12-31,2025-01-01,2014-06-01,1101 N. WASHINGTON ST.,,GRANDFORKS,ND,58203.0,7013354888.0,444200.0,2026-03-24T13:32:41-0500,SCOTT FOYT
384,Cigna Health Life Insurance Company,Clearview Federal Credit Union,OAP,526051818,2015-12-31,2015-01-01,1996-10-01,8805 UNIVERSITY BOULEVARD,,MOON TOWNSHIP,PA,15108.0,4122693011.0,522130.0,,
385,Cigna Health Life Insurance Company,Astir IT Solutions Inc,OAP,223793796,2025-09-30,2025-03-01,2011-03-01,50 CRAGWOOD ROAD,SUITE 219,SOUTH PLAINFIELD,NJ,7080.0,9082798670.0,541511.0,,
386,Cigna Health Life Insurance Company,"DriveCentric, LLC",OAP,272361727,2025-12-31,2025-01-01,2024-01-01,12900 MAURER INDUSTRIAL DRIVE,,ST. LOUIS,MO,63127.0,8444740050.0,519100.0,,
387,Cigna Health Life Insurance Company,"Peregrine Technologies, Inc.",OAP,384083465,2025-12-31,2025-01-01,2025-01-01,"71 STEVENSON STREET, SUITE 700",,SAN FRANCISCO,CA,94105.0,8882283491.0,518210.0,,
388,Cigna Health Life Insurance Company,Veritas HHS,OAP,275319964,2025-12-31,2025-01-01,2018-12-01,"1120 LINCOLN STREET, SUITE 1300",,DENVER,CO,80203.0,7204580683.0,921000.0,,
389,Cigna Health Life Insurance Company,Flexware Innovation LLC,OAP,351989757,2025-12-31,2025-01-01,2009-05-01,"12 MUNICIPAL DRIVE, SUITE 200",,FISHERS,IN,46038.0,3178135408.0,541512.0,,
390,Cigna Health Life Insurance Company,Flexware Innovation LLC,OAP,351989757,2025-12-31,2025-01-01,2022-01-01,"12 MUNICIPAL DRIVE, SUITE 200",,FISHERS,IN,46038.0,3178135408.0,541512.0,,
391,Cigna Health Life Insurance Company,Apres Management,OAP,814361811,2017-12-31,2017-01-01,2017-01-01,931 PHEASANT VALLEY DRIVE,SUITE 200,MISSOURI CITY,TX,77489.0,8322489917.0,237210.0,,
392,Cigna Health Life Insurance Company,Apres Management,OAP,814361811,2018-12-31,2018-01-01,2017-01-01,931 PHEASANT VALLEY DRIVE,SUITE 200,MISSOURI CITY,TX,77489.0,8322489917.0,237210.0,,
393,Cigna Health Life Insurance Company,Apres Management,OAP,814361811,2019-12-31,2019-01-01,2017-01-01,931 PHEASANT VALLEY DRIVE,SUITE 200,MISSOURI CITY,TX,77489.0,8322489917.0,237210.0,,
394,Cigna Health Life Insurance Company,Apres Management,OAP,814361811,2020-12-31,2020-01-01,2017-01-01,931 PHEASANT VALLEY DRIVE,SUITE 200,MISSOURI CITY,TX,77489.0,8322489917.0,237210.0,,
395,Cigna Health Life Insurance Company,Boys & Girls Clubs of King County,OAP,910532600,2023-06-30,2022-07-01,1979-07-01,16000 CHRISTENSEN RD STE 250,,TUKWILA,WA,98188.0,2064613890.0,624100.0,,
396,Cigna Health Life Insurance Company,"Disco Hi-Tec America, Inc.",OAP,941711855,2022-12-31,2022-01-01,1991-02-01,5921 OPTICAL CT.,,SAN JOSE,CA,95138.0,4089873776.0,423800.0,2026-02-09T13:33:34-0600,KOJI WATANABE
397,Cigna Health Life Insurance Company,"Disco Hi-Tec America, Inc.",OAP,941711855,2022-02-28,2021-03-01,1991-09-01,5921 OPTICAL CT.,,SAN JOSE,CA,95138.0,4089873776.0,423800.0,2026-02-10T19:13:36-0600,KOJI WATANABE
398,Cigna Health Life Insurance Company,"Disco Hi-Tec America, Inc.",OAP,941711855,2023-02-28,2022-03-01,1991-09-01,5921 OPTICAL CT.,,SAN JOSE,CA,95138.0,4089873776.0,423800.0,2026-02-10T19:12:57-0600,KOJI WATANABE
399,Cigna Health Life Insurance Company,"Disco Hi-Tec America, Inc.",OAP,941711855,2021-02-28,2020-03-01,1991-09-01,5921 OPTICAL CT.,,SAN JOSE,CA,95138.0,4089873776.0,423800.0,2026-02-10T19:14:07-0600,KOJI WATANABE
400,Cigna Health Life Insurance Company,"GARAGE DOOR PARTNERS, LLC",OAP,883955020,2025-12-31,2025-01-01,2022-01-01,1509 RAIL HEAD BLVD,,NAPLES,FL,34110.0,2393972292.0,238100.0,2026-04-24T12:18:40-0500,LAQWENTA PIERRE
401,Cigna Health Life Insurance Company,"RMS Lifeline, Inc.",OAP,364258607,2025-12-31,2025-01-01,2020-06-01,ONE PARKWAY NORTH BOULEVARD,SUITE 200S,DEERFIELD,IL,60015.0,8773882001.0,541990.0,,
402,Cigna Health Life Insurance Company,"SIB Midco, LLC",OAP,932716523,2025-12-31,2025-01-01,2023-01-01,796 MEETING STREET,,CHARLESTON,SC,29403.0,8432841007.0,541219.0,,
403,Cigna Health Life Insurance Company,"Spoonful of Comfort, LLC",OAP,611571202,2025-12-31,2025-01-01,2024-01-01,2405 WEST ORTON CIRCLE,,SALT LAKE CITY,UT,84119.0,8774047678.0,445299.0,,
404,Cigna Health Life Insurance Company,"Colliers International Atlanta, LLC",OAP,475508890,2025-12-31,2025-01-01,1990-07-01,1230 PEACHTREE STREET NE,PROMENADE - SUITE 800,ATLANTA,GA,30309.0,4048889000.0,531210.0,,
405,Cigna Health Life Insurance Company,"Dick Lavy Trucking, Inc.",OAP,311208025,2025-12-31,2025-01-01,1978-07-01,8848 STATE ROUTE 121,,BRADFORD,OH,45308.0,9374482104.0,484120.0,,
406,Cigna Health Life Insurance Company,"BetterBody Foods and Nutrition, LLC",PPO,205989542,2021-12-31,2021-01-01,2015-10-01,1762 WEST 20 SOUTH #100,,LINDON,UT,84042.0,8013190189.0,424400.0,2026-02-25T13:05:06-0600,ADELIA ESSELTINE
407,Cigna Health Life Insurance Company,"SALT DENTAL COLLECTIVE, LLC",OAP,833847706,2025-12-31,2025-01-01,2021-01-01,3200 EAST CAMELBACK ROAD,,PHOENIX,AZ,85018.0,6022959537.0,621112.0,,
408,Cigna Health Life Insurance Company,"Vivet, Inc.",OAP,821135714,2025-12-31,2025-01-01,2024-06-01,1150 PLEASANT RIDGE ROAD,SUITE A,GREENSBORO,NC,27409.0,3364063776.0,337000.0,,
409,Cigna Health Life Insurance Company,Western Sugar Cooperative,OAP,870658226,2025-12-31,2025-01-01,2002-05-01,"7555 EAST HAMPDEN AVENUE, SUITE 520",,DENVER,CO,80231.0,3038133573.0,311300.0,,
410,Cigna Health Life Insurance Company,"LAKEFIELD VETERINARY GROUP, INC.",PPO,800887479,2025-12-31,2025-01-01,2003-04-01,19717 62ND AVENUE SOUTH,SUITE F103,KENT,WA,98032.0,2532161314.0,812910.0,,
411,Cigna Health Life Insurance Company,Mispro Biotech Services Corporation,OAP,800568381,2025-12-31,2025-01-01,2024-01-01,450 E 29TH ST STE 602,,NEW YORK,NY,100168367.0,5145277234.0,541990.0,2026-04-17T13:17:18-0500,KELLY PERLANGI
412,Cigna Health Life Insurance Company,ART SUPPLY ENTERPRISES dba MacPherson's,Local Plus,941152693,2025-07-31,2025-01-01,2022-01-01,PO BOX 195,,WILMINGTON,DE,19899.0,3026541888.0,424990.0,,
413,Cigna Health Life Insurance Company,"Filevine, Inc.",OAP,821960713,2025-12-31,2025-01-01,2017-02-01,1260 STRINGHAM AVENUE,SUITE 600,SALT LAKE CITY,UT,84106.0,8016575228.0,511210.0,,
414,Cigna Health Life Insurance Company,THE ARCTICOM GROUP,OAP,821463967,2021-12-31,2021-01-01,2019-01-01,1676 N. CALIFORNIA BLVD,SUITE 550,WALNUT CREEK,CA,94596.0,9723223642.0,238210.0,,
415,Cigna Health Life Insurance Company,Carnahan Evans PC,OAP,431162463,2025-12-31,2025-01-01,1980-07-01,2805 S INGRAM MILL RD,,SPRINGFIELD,MO,658044043.0,4174474400.0,541110.0,,
416,Cigna Health Life Insurance Company,"Varilease Finance, Inc. DBA VFI Corporate Finance",PPO,383620014,2025-12-31,2025-01-01,2019-01-01,"2800 E. COTTONWOOD PKWY, 2ND FLOOR",,SALT LAKE CITY,UT,84121.0,8017338100.0,522220.0,,
417,Cigna Health Life Insurance Company,Neurealm,OAP,261889502,2025-12-31,2025-01-01,2013-01-01,155 VILLAGE BOULEVARD,SUITE 300,PRINCETON,NJ,85405700.0,3037820402.0,541519.0,2026-03-06T09:53:11-0600,JOSHUA GOLDSTEIN
418,Cigna Health Life Insurance Company,Verigon LLC,OAP,274273763,2025-12-31,2025-01-01,2011-01-01,1140 W WARNER RD STE 101,,TEMPE,AZ,852842866.0,4809678989.0,335900.0,2026-02-18T12:07:00-0600,DONALD BERG
419,Cigna Health Life Insurance Company,Verigon LLC,OAP,274273763,2022-12-31,2022-01-01,2011-01-01,1140 W WARNER RD STE 101,,TEMPE,AZ,852842866.0,4809678989.0,335900.0,2026-02-12T16:17:42-0600,DONALD BERG
420,Cigna Health Life Insurance Company,PRISMA GRAPHIC CORPORATION,Local Plus,860380284,2025-12-31,2025-01-01,2016-01-01,"2937 EAST BROADWAY ROAD, SUITE 100",,PHOENIX,AZ,85040.0,6022435777.0,424990.0,,
421,Cigna Health Life Insurance Company,DLF USA Inc,OAP,930607009,2025-12-31,2025-01-01,1996-07-01,33080 RED BRIDGE ROAD SE,,ALBANY,OR,97322.0,5413692251.0,424990.0,,
422,Cigna Health Life Insurance Company,"AMP Washington, PC",OAP,884270579,2025-12-31,2025-01-01,2024-01-01,2001 NORTH LAMAR STREET,SUITE 300,DALLAS,TX,75202.0,4697505047.0,621111.0,,
423,Cigna Health Life Insurance Company,McCoy Global USA Inc.,OAP,720982157,2025-12-31,2025-01-01,2011-01-01,,,,,,7805774603.0,324190.0,,
424,Cigna Health Life Insurance Company,Family Trust Federal Credit Union,OAP,570400781,2020-12-31,2020-01-01,2003-01-01,PO DRAWER 10233,,ROCK HILL,SC,29731.0,8033674100.0,522130.0,,
425,Cigna Health Life Insurance Company,Family Trust Federal Credit Union,OAP,570400781,2021-12-31,2021-01-01,2003-01-01,PO DRAWER 10233,,ROCK HILL,SC,29731.0,8033674100.0,522130.0,,
426,Cigna Health Life Insurance Company,Family Trust Federal Credit Union,OAP,570400781,2022-12-31,2022-01-01,2003-01-01,PO DRAWER 10233,,ROCK HILL,SC,29731.0,8033674100.0,522130.0,,
427,Cigna Health Life Insurance Company,GCI/Del Amo Group,Local Plus,330781462,2025-06-02,2025-01-01,1996-01-01,19191 S VERMONT AVE.,SUITE 950,TORRANCE,CA,90502.0,3103786203.0,236200.0,2026-04-10T07:17:58-0500,ALAN CHOE
428,Cigna Health Life Insurance Company,"Wrike, Inc.",OAP,273013858,2025-12-31,2025-01-01,2022-08-01,550 WEST B STREET,"FLOOR 4, PMB 2305",SAN DIEGO,CA,92101.0,8777797453.0,541990.0,2026-04-10T05:53:03-0500,JOSEPH ARQUILLO
429,Cigna Health Life Insurance Company,"ACH Employment Services, LLC",OAP,320473743,2025-08-31,2025-01-01,2016-01-01,1535 WEST LOOP S STE 300,,HOUSTON,TX,770270003.0,8322193833.0,531310.0,2026-03-27T11:20:00-0500,CHRISTIAN COLEMAN
430,Cigna Health Life Insurance Company,"E&H Hardware Group, LLC.",OAP,452818313,2025-12-31,2025-01-01,2021-01-01,115 SOUTH MARKET STREET,,WOOSTER,OH,44691.0,3302644355.0,444130.0,,
431,Cigna Health Life Insurance Company,"SCRIBE OPCO, LLC DBA KOOZIE GROUP",OAP,821795538,2025-12-31,2025-01-01,2017-07-01,14421 MYERLAKE CIRCLE,,CLEARWATER,FL,33670.0,7275383483.0,541400.0,,
432,Cigna Health Life Insurance Company,ReMed Recovery Care Centers,OAP,232353631,2025-12-31,2025-01-01,2002-10-01,"16 INDUSTRIAL BOULEVARD, SUITE 203",,PAOLI,PA,19301.0,4845959300.0,623000.0,,
433,Cigna Health Life Insurance Company,Ally Pediatric Therapy,OAP,473519860,2025-12-31,2025-01-01,2022-01-01,1800 EAST RAY ROAD,,CHANDLER,AZ,85225.0,6026062237.0,621330.0,,
434,Cigna Health Life Insurance Company,Ally Pediatric Therapy,OAP,473519860,2025-12-31,2025-01-01,2022-01-01,1800 EAST RAY ROAD,,CHANDLER,AZ,85225.0,6026062237.0,621330.0,,
435,Cigna Health Life Insurance Company,RH Wine LLC,Local Plus,363118653,2025-12-31,2025-01-01,2021-01-01,225 SMITH ROAD,,ST. CHARLES,IL,60174.0,6303776000.0,524210.0,2026-04-08T14:16:09-0500,MATTHEW REED
436,Cigna Health Life Insurance Company,"Guardian Recovery Network Holdings, LLC",OAP,823401880,2025-12-31,2025-01-01,2025-01-01,3333 S CONGRESS AVE STE 402,,DELRAY BEACH,FL,33445.0,5612746133.0,623000.0,2026-04-08T15:42:30-0500,JESSICA MORETTI
437,Cigna Health Life Insurance Company,Colossal Biosciences Inc.,OAP,861910538,2025-12-31,2025-01-01,2024-01-01,1401 LAVACA ST,UNIT 155,AUSTIN,TX,78701.0,5125379477.0,541700.0,,
438,Cigna Health Life Insurance Company,"EVS, LTD",OAP,351885348,2025-12-31,2025-01-01,2015-09-01,24500 RESEARCH DRIVE,,SOUTH BEND,IN,46628.0,5742335707.0,336300.0,2026-04-07T14:34:00-0500,JOSEPH A DOOLEY
439,Cigna Health Life Insurance Company,Ringland-Johnson Construction,OAP,420960277,2025-12-31,2025-01-01,2019-01-01,1725 HUNTWOOD DRIVE,,CHERRY VALLEY,IL,61016.0,8153328600.0,236200.0,2026-03-13T11:01:46-0500,LAUREN SPENCER
440,Cigna Health Life Insurance Company,FDG Inc,OAP,841151946,2025-12-31,2025-01-01,2002-01-01,6850 W 52ND AVENUE SUITE 201,,ARVADA,CO,800023955.0,3039409715.0,541340.0,2026-03-11T07:43:16-0500,MIKE ROBINSON
441,Cigna Health Life Insurance Company,"EDUCATION AFFILIATES, INC.",OAP,201720350,2025-12-31,2025-01-01,2007-01-01,5026-D CAMPBELL BOULEVARD,,BALTIMORE,MD,21236.0,4106332929.0,611000.0,,
442,Cigna Health Life Insurance Company,"BroadPath, LLC",OAP,263271894,2025-12-31,2025-01-01,2015-01-01,6400 EAST GRANT ROAD,SUITE 350,TUCSON,AZ,85715.0,5206404661.0,541600.0,2026-03-13T09:17:38-0500,ROBERT BOOKER
443,Cigna Health Life Insurance Company,"CAM Integrated Solutions, LLC",OAP,475212503,2025-12-31,2025-01-01,2021-01-01,17000 KATY FREEWAY,SUITE 200,HOUSTON,TX,77094.0,8325332027.0,541330.0,,
444,Cigna Health Life Insurance Company,GoMacro LLC,OAP,753149015,2025-12-31,2025-01-01,2020-01-01,415 SOUTH WAGONER STREET,,VIOLA,WA,54665.0,6086272310.0,311900.0,,
445,Cigna Health Life Insurance Company,"Centri Business Consulting, LLC",OAP,463807387,2025-12-31,2025-01-01,2023-01-01,"1628 JFK BOULEVARD, SUITE 500",,PHILADELPHIA,PA,19103.0,2156546850.0,541990.0,,
446,Cigna Health Life Insurance Company,IPD Analytics LLC,OAP,760723559,2025-12-31,2025-01-01,2021-01-01,19950 WEST COUNTRY CLUB DRIVE,SUITE 7,AVENTURA,FL,33180.0,3056628515.0,541990.0,,
447,Cigna Health Life Insurance Company,Olson Brothers Pro-Vac LLC,OAP,800016987,2025-06-30,2025-05-01,2007-07-01,1031 4TH AVENUE N,,KENT,WA,98032.0,2534354328.0,541990.0,,
448,Cigna Health Life Insurance Company,"Amazing Transformations, LLC",OAP,274626230,2025-12-31,2025-01-01,2025-01-01,500 SOUTH BURNT MILL ROAD,,VOORHEES,NJ,8043.0,8888597749.0,624100.0,,
449,Cigna Health Life Insurance Company,Poulsbo RV,OAP,911626479,2025-12-31,2025-01-01,1997-05-01,"6811 SOUTH 204TH STREET, SUITE 340",,KENT,WA,98032.0,2068704182.0,441210.0,,
450,Cigna Health Life Insurance Company,CHARTWAY FEDERAL CREDIT UNION,PPO,540674620,2025-12-31,2025-01-01,1985-10-01,"5700 CLEVELAND STREET, SUITE 101",,VIRGINIA BEACH,VA,23462.0,7575521000.0,522130.0,,
451,Cigna Health Life Insurance Company,"CRESA, LLC",OAP,814198347,2025-12-31,2025-01-01,2017-01-01,"167 N GREEN STREET, SUITE 1301",,CHICAGO,IL,60607.0,2028718281.0,531390.0,,
452,Cigna Health Life Insurance Company,"Erie Management Group, LLC",OAP,201336328,2025-12-31,2025-05-01,2008-04-01,1540 E LAKE RD,STE 300,ERIE,PA,165111091.0,8145289000.0,551112.0,2026-03-06T13:49:31-0600,VE LE
453,Cigna Health Life Insurance Company,"Breeze Thru Car Wash, LLC",OAP,823617696,2025-08-31,2025-01-01,2018-01-01,6464 SOUTH COLLEGE AVENUE,,FORT COLLINS,CO,80525.0,9704852467.0,541990.0,2026-02-13T08:43:33-0600,JANIECE AGNEW
454,Cigna Health Life Insurance Company,APIC Solutions,OAP,454642785,2025-12-31,2025-01-01,2020-07-01,7401 SNAPROLL NE,,ALBUQUERQUE,NM,87109.0,5053451381.0,238210.0,,
455,Cigna Health Life Insurance Company,"Florida Utility Trailers, Inc.",OAP,591726491,2025-12-31,2025-01-01,2015-01-01,1101 SOUTH ORANGE BLOSSOM TRAIL,,APOPKA,FL,32703.0,4078802211.0,441210.0,,
456,Cigna Health Life Insurance Company,STATE INDUSTRIAL PRODUCTS,OAP,340552740,2025-12-31,2025-01-01,1973-01-01,5915 LANDERBROOK DR STE 300,,MAYFIELD HTS,OH,441244034.0,4405445111.0,325600.0,2026-03-27T14:57:58-0500,BRIAN LIMBERT
457,Cigna Health Life Insurance Company,"Medical Home Network, PBC",Local Plus,993352015,2025-12-31,2025-01-01,2023-01-01,TWO PRUDENTIAL PLAZA,"180 NORTH STETSON, SUITE 600-1",CHICAGO,IL,60601.0,3122740126.0,624100.0,,
458,Cigna Health Life Insurance Company,"BRIGHTON-BEST INTERNATIONAL, INC",OAP,352306449,2023-06-30,2022-07-01,2008-07-01,5855 OBISPO AVENUE,,LONG BEACH,CA,90805.0,5628088000.0,332700.0,2026-03-09T15:02:04-0500,JESSIE PORTILLO
